Source,Target,Weight
CUST10482801,CUST99163899,2198.528
CUST10530118,CUST12586309,0
CUST11892041,CUST99163899,1717.76
CUST12456988,CUST89137381,3.584
CUST12586309,EXTERNAL613332,25356
CUST12586309,EXTERNAL870376,15927
CUST12852950,CUST35475939,580.096
CUST13316799,CUST70977942,3245
CUST13316799,EXTERNAL985690,3234
CUST13667019,EXTERNAL907939,2732.48
CUST14970272,CUST87779877,87.552
CUST15613784,CUST89137381,126.592
CUST17098365,CUST73457399,2163
CUST18223545,CUST89137381,334.464
CUST19394916,CUST87779877,106.24
CUST19789963,EXTERNAL907939,2899.2
CUST21628170,CUST45674350,3770
CUST22508613,EXTERNAL907939,7.68
CUST22806740,CUST33059790,8
CUST23671542,CUST45674350,172
CUST23727364,CUST45674350,3357
CUST24664513,EXTERNAL985690,343.84
CUST24682604,CUST32417932,504.32
CUST26372737,CUST35475939,138.368
CUST28146540,CUST62878936,67.072
CUST28295610,CUST45674350,2664
CUST28612234,CUST73457399,158.08
CUST29156003,CUST12586309,9977
CUST30893462,CUST99163899,10.88
CUST32773954,CUST70977942,107.04
CUST32902928,CUST45674350,4295
CUST33059790,CUST35475939,11200
CUST33059790,CUST99163899,12981.5
CUST33059790,EXTERNAL590333,2420
CUST33235910,CUST80174234,176.48
CUST36419645,EXTERNAL907939,0
CUST37270380,CUST12586309,9.6
CUST38249804,CUST12586309,118.72
CUST38900516,CUST73457399,4113
CUST39488147,EXTERNAL907939,78.4
CUST40565883,CUST41632480,83.456
CUST40711059,CUST57212625,125.44
CUST40776834,EXTERNAL985690,25.44
CUST41486893,CUST12586309,123.84
CUST42824227,EXTERNAL907939,51.84
CUST44171874,CUST62878936,78.336
CUST44814315,EXTERNAL590333,896
CUST45674350,CUST98840303,5798.5
CUST45674350,EXTERNAL579387,11368
CUST45674350,EXTERNAL609165,11537
CUST45674350,EXTERNAL676409,6975
CUST45674350,EXTERNAL796777,3770.5
CUST46864961,CUST73457399,2550
CUST47035199,CUST29156003,3025
CUST47048868,CUST19045186,264.96
CUST47437733,CUST73457399,4175
CUST47541541,CUST19045186,264.96
CUST48654180,CUST33059790,5157
CUST51501732,CUST57212625,0.768
CUST54743885,CUST89137381,2518.656
CUST55731575,CUST99163899,52.48
CUST56676120,CUST29156003,1317
CUST59187176,CUST35475939,1689.088
CUST60829394,CUST89137381,665.6
CUST61651362,CUST12586309,71.2
CUST63638224,EXTERNAL985690,1181.76
CUST65966861,CUST87779877,10.752
CUST68455677,CUST19045186,240.512
CUST69571150,EXTERNAL590333,1110.016
CUST69895799,CUST70977942,5119
CUST70072353,CUST19045186,2.304
CUST70275199,CUST33059790,4037.5
CUST70977942,CUST89137381,9740
CUST70977942,EXTERNAL588669,43735
CUST70977942,EXTERNAL623068,39449
CUST71107394,CUST35475939,334.08
CUST73457399,CUST62878936,3380
CUST73457399,CUST87779877,5128
CUST73707963,CUST45674350,6089
CUST75429953,CUST29156003,3331
CUST75744223,CUST29156003,4226
CUST76050174,CUST70977942,8.32
CUST77650473,EXTERNAL907939,8141
CUST78136383,CUST62878936,384
CUST78571575,CUST33059790,4020.5
CUST78616283,CUST70977942,6913
CUST78749858,CUST29156003,1621
CUST80106109,CUST99163899,99.84
CUST80174234,EXTERNAL785554,44229.5
CUST80628259,CUST87779877,298.624
CUST81777790,CUST45674350,5.12
CUST82116037,EXTERNAL985690,841.6
CUST82313253,CUST87779877,178.432
CUST85601056,CUST19045186,61.696
CUST85769551,CUST33059790,12526
CUST85769551,CUST80174234,1568
CUST86249244,EXTERNAL623068,269.824
CUST86587232,CUST70977942,4875
CUST87088153,CUST87779877,961.024
CUST87536772,CUST99163899,300.8
CUST87734216,EXTERNAL796777,23.424
CUST88742195,CUST29156003,3553
CUST89933886,CUST70977942,689.92
CUST90295739,CUST73457399,3777
CUST90944243,CUST19045186,431.36
CUST91035194,CUST12586309,130.24
CUST92741397,CUST87779877,59.904
CUST93082199,CUST29156003,1847
CUST93628665,CUST89137381,13.056
CUST94401179,CUST70977942,3104.5
CUST96415364,CUST89137381,658.688
CUST98751418,CUST99163899,388.352
CUST99651515,CUST19045186,77.568
EXTERNAL114943,CUST32417932,371.2
EXTERNAL115428,CUST45674350,1231.36
EXTERNAL121789,CUST33059790,44.8
EXTERNAL132127,CUST57212625,513.536
EXTERNAL152078,CUST33059790,2525.76
EXTERNAL154493,CUST62878936,16.896
EXTERNAL158927,CUST87779877,225.28
EXTERNAL163941,CUST62878936,885.76
EXTERNAL205227,CUST73457399,51.84
EXTERNAL206136,CUST70977942,5256.32
EXTERNAL214288,CUST70977942,1281.6
EXTERNAL225896,CUST73457399,24.64
EXTERNAL232836,CUST12586309,185.76
EXTERNAL248256,CUST70977942,1357.92
EXTERNAL262559,CUST87779877,377.6
EXTERNAL265823,CUST73457399,1719.36
EXTERNAL290834,CUST70977942,55.68
EXTERNAL291990,CUST12586309,80.32
EXTERNAL318868,CUST70977942,835.84
EXTERNAL329563,CUST99163899,17.92
EXTERNAL339803,CUST29156003,4287.68
EXTERNAL351715,CUST70977942,400.96
EXTERNAL371650,CUST35475939,25.088
EXTERNAL373924,CUST89137381,696.32
EXTERNAL388602,CUST62878936,454.144
EXTERNAL411376,CUST73457399,936.96
EXTERNAL420293,CUST62878936,719.36
EXTERNAL428081,CUST62878936,3.456
EXTERNAL439731,CUST70977942,1481
EXTERNAL442222,CUST33059790,250.24
EXTERNAL443861,CUST29156003,2120.96
EXTERNAL458544,CUST19045186,139.776
EXTERNAL465772,CUST73457399,1583
EXTERNAL500937,CUST73457399,431.36
EXTERNAL504847,CUST35475939,25.6
EXTERNAL527460,CUST19045186,176.64
EXTERNAL528569,CUST19045186,243.072
EXTERNAL529005,CUST12586309,145.28
EXTERNAL531873,CUST45674350,6634
EXTERNAL535585,CUST33059790,371.2
EXTERNAL578647,CUST73457399,64
EXTERNAL594010,CUST12586309,80.16
EXTERNAL596720,CUST12586309,204.16
EXTERNAL619265,CUST62878936,66.56
EXTERNAL624650,CUST33059790,2132.16
EXTERNAL715836,CUST12586309,131.2
EXTERNAL726081,CUST32417932,8.192
EXTERNAL734218,CUST70977942,2371.2
EXTERNAL745680,CUST87779877,33.92
EXTERNAL750176,CUST99163899,497.28
EXTERNAL756713,CUST45674350,1041.6
EXTERNAL758532,CUST45674350,1611.84
EXTERNAL798251,CUST29156003,264
EXTERNAL807881,CUST87779877,7.552
EXTERNAL808154,CUST87779877,625.664
EXTERNAL812977,CUST19045186,226.304
EXTERNAL838876,CUST33059790,38.4
EXTERNAL865638,CUST75072593,51.2
EXTERNAL871723,CUST19045186,2084.224
EXTERNAL892205,CUST45674350,1346.56
EXTERNAL892564,CUST12586309,141.44
EXTERNAL901321,CUST45674350,1046
EXTERNAL907939,CUST19045186,1167
EXTERNAL907939,CUST32417932,2000
EXTERNAL907939,CUST41632480,7841
EXTERNAL931436,CUST99163899,431.104
EXTERNAL935466,CUST73457399,1982.4
EXTERNAL940827,CUST73457399,1096.64
EXTERNAL943335,CUST10521548,24.448
EXTERNAL985690,CUST10521548,5149
EXTERNAL985690,CUST57212625,4270
EXTERNAL985690,CUST75072593,1866
CUST10896777,CUST32902928,31.04
CUST10964040,CUST78136383,156.2624
CUST11133887,CUST47437733,4.16
CUST11520642,CUST23727364,239.04
CUST11879418,CUST24664513,102.4
CUST12121888,CUST77650473,118.88
CUST12469998,CUST86249244,56.832
CUST12570898,CUST73707963,32
CUST13071779,EXTERNAL500937,101.5808
CUST13264698,CUST77650473,27.36
CUST13332198,CUST87088153,74.1376
CUST13596540,CUST56676120,450.4
CUST13716529,CUST41486893,612.864
CUST13896102,EXTERNAL940827,18.432
CUST13932658,CUST38900516,406.4
CUST15182071,CUST13316799,593.28
CUST15369994,CUST19789963,2.4576
CUST15451603,CUST54743885,425.1648
CUST15503361,EXTERNAL439731,2749.76
CUST15613784,CUST40711059,78.3872
CUST16186062,CUST80106109,47.9232
CUST16384275,CUST80628259,94.208
CUST16393461,CUST10482801,0.8192
CUST17400437,CUST89933886,8.5504
CUST17513706,CUST75429953,147.2
CUST17623441,CUST55731575,16.1792
CUST17626754,CUST87088153,122.88
CUST18028872,EXTERNAL290834,25.6
CUST18480796,CUST47437733,309.76
CUST18537768,CUST11892041,168.5504
CUST18548879,EXTERNAL232836,302.3872
CUST18594490,CUST89933886,2.048
CUST19078299,EXTERNAL225896,8.704
CUST20442883,CUST77650473,9964.8
CUST20539016,CUST23671542,56.1152
CUST20985476,EXTERNAL291990,24.3712
CUST21232561,CUST39488147,31.0272
CUST21639859,CUST63638224,0.2048
CUST21881680,EXTERNAL940827,8.9088
CUST22042965,EXTERNAL535585,102.4
CUST22385004,EXTERNAL152078,51.6096
CUST23211382,EXTERNAL442222,105.3696
CUST23229463,CUST86587232,43.52
CUST23591126,EXTERNAL726081,5.12
CUST24266141,EXTERNAL232836,209.2032
CUST24401026,EXTERNAL439731,180.8
CUST24723137,CUST59187176,10.9568
CUST25089918,CUST47437733,174.4
CUST25246738,CUST12852950,283.648
CUST26059487,CUST90295739,857.6
CUST26135025,EXTERNAL901321,98.72
CUST26464428,CUST18223545,210.432
CUST26537043,CUST99651515,28.0064
CUST26954432,CUST23727364,787.2
CUST27317504,EXTERNAL535585,67.328
CUST28125890,EXTERNAL439731,14677.28
CUST28329329,EXTERNAL152078,47.7696
CUST29235405,CUST78571575,145.92
CUST29391449,CUST47048868,17.3056
CUST29862187,CUST78616283,109.6
CUST29932386,CUST40711059,71.4752
CUST30548934,EXTERNAL152078,11.4688
CUST30727607,EXTERNAL115428,300.4416
CUST31055503,CUST98751418,134.656
CUST31107784,CUST28612234,7.7312
CUST31217299,CUST96415364,9.0624
CUST31476467,EXTERNAL943335,16.7936
CUST31556474,CUST47437733,5.12
CUST31564333,EXTERNAL388602,112.64
CUST31652369,EXTERNAL439731,11307.2
CUST31713132,CUST10530118,4.2496
CUST31786272,EXTERNAL132127,8.9088
CUST32004208,CUST96415364,36.9664
CUST32117752,CUST87088153,0.9728
CUST32177083,CUST23727364,897.28
CUST32490380,CUST32902928,653.44
CUST32641490,CUST78749858,16.8
CUST32702599,CUST89933886,231.8848
CUST33204294,EXTERNAL931436,79.9744
CUST33345472,CUST23727364,345.76
CUST34427742,CUST93628665,6.4512
CUST35177708,EXTERNAL154493,10.1376
CUST35436612,EXTERNAL527460,29.0816
CUST35875963,CUST73707963,390.72
CUST36089518,CUST82313253,115.0976
CUST36291715,EXTERNAL892564,118.0672
CUST36488393,CUST39488147,23.1424
CUST36796891,CUST93082199,55.84
CUST36880335,EXTERNAL115428,547.328
CUST36918723,EXTERNAL205227,12.8
CUST37174175,EXTERNAL892564,32.256
CUST37370461,EXTERNAL262559,28.672
CUST37708045,CUST19394916,34.2016
CUST37717592,CUST82313253,98.56
CUST37826943,CUST70275199,49.92
CUST37826943,CUST80106109,14.4384
CUST38070985,EXTERNAL578647,6.5536
CUST38184025,EXTERNAL439731,19.2
CUST38204040,EXTERNAL715836,125.3376
CUST38721914,CUST28295610,29.44
CUST38845412,EXTERNAL439731,990.08
CUST39159719,CUST71107394,24.7808
CUST39358953,CUST47048868,539.6992
CUST39803091,EXTERNAL388602,140.288
CUST40004895,CUST47437733,27.52
CUST40180462,EXTERNAL225896,9.6256
CUST40183176,CUST90944243,84.992
CUST40326941,EXTERNAL318868,93.696
CUST40522575,CUST47035199,164
CUST40552172,CUST90295739,266.88
CUST40765668,CUST80628259,51.6096
CUST40841329,EXTERNAL318868,46.3872
CUST40896809,EXTERNAL152078,803.3792
CUST41532476,CUST98751418,99.84
CUST41792298,CUST28612234,13.1072
CUST42018874,CUST65966861,6.7072
CUST42219945,CUST73707963,488.8
CUST42364109,CUST56676120,18.08
CUST42407257,CUST98751418,51.2
CUST42410970,CUST28146540,25.8048
CUST42622757,CUST54743885,471.7056
CUST42719352,EXTERNAL838876,26.624
CUST43827925,CUST98751418,103.424
CUST44605894,CUST77650473,825.6
CUST44759617,EXTERNAL943335,9.0112
CUST45034900,CUST40565883,43.4176
CUST45342588,CUST78571575,11.2
CUST46243692,EXTERNAL808154,353.6896
CUST46325188,EXTERNAL115428,18.432
CUST46430889,CUST69571150,232.2432
CUST46735985,CUST77650473,850.24
CUST47009060,CUST40711059,32.6656
CUST47074593,EXTERNAL163941,58.368
CUST47262010,CUST86587232,594.56
CUST47305518,CUST38249804,20.48
CUST47694460,CUST10482801,50.176
CUST47865683,CUST82313253,91.3408
CUST48214332,CUST15613784,52.3776
CUST48391681,CUST11892041,4.1472
CUST48508290,CUST87536772,4.4544
CUST48839815,CUST18223545,28.1088
CUST48995945,EXTERNAL351715,19.456
CUST49181557,CUST70275199,121.6
CUST49343495,CUST13667019,3.2768
CUST49868626,CUST86587232,1120
CUST50601591,CUST39488147,26.0096
CUST50696665,CUST78136383,126.7712
CUST50728975,CUST90295739,56.16
CUST50817584,CUST19789963,10.0352
CUST50908746,CUST32902928,59.2
CUST51111378,CUST19789963,186.9312
CUST51190689,CUST40711059,14.4384
CUST51251495,EXTERNAL439731,55.36
CUST51268450,EXTERNAL115428,441.9584
CUST51439712,CUST56676120,246.56
CUST51950595,CUST48654180,40.32
CUST52065989,CUST18223545,151.04
CUST52088777,CUST47541541,219.5456
CUST53270747,EXTERNAL439731,9.44
CUST53363518,EXTERNAL750176,262.2976
CUST53582517,CUST61651362,18.944
CUST53834711,CUST47437733,0.32
CUST53927581,CUST70275199,145.28
CUST54164127,EXTERNAL442222,147.8656
CUST54337578,EXTERNAL726081,0
CUST54367034,EXTERNAL318868,151.04
CUST54434580,CUST23671542,63.488
CUST54490370,CUST54743885,126.7712
CUST54692597,EXTERNAL439731,30.08
CUST54705847,EXTERNAL504847,9.728
CUST54778914,CUST38249804,57.7536
CUST54952707,EXTERNAL750176,332.8
CUST55380756,CUST28295610,126.72
CUST55524461,CUST69895799,257.92
CUST55634076,CUST19789963,9.216
CUST55813781,CUST87088153,9.728
CUST55833916,EXTERNAL225896,3.072
CUST55965225,CUST48654180,548.16
CUST56054611,CUST28295610,9.6
CUST56186352,CUST93628665,5.9392
CUST56260163,CUST61651362,2.56
CUST56477011,EXTERNAL871723,839.7824
CUST57599468,EXTERNAL535585,116.3264
CUST57830287,EXTERNAL232836,23.04
CUST58094562,CUST14970272,34.0992
CUST58193150,CUST98751418,51.712
CUST58398920,CUST36419645,1.2288
CUST58950356,CUST40565883,32.4608
CUST59099483,CUST85601056,29.7472
CUST59288776,CUST87088153,90.2144
CUST59682257,CUST87088153,629.3504
CUST60295518,CUST47541541,157.5936
CUST60309735,EXTERNAL726081,5.9392
CUST60452779,EXTERNAL152078,182.1696
CUST60478212,CUST24664513,161.792
CUST60535950,EXTERNAL373924,13.1584
CUST61047770,CUST10482801,991.232
CUST61149011,CUST13316799,948.16
CUST61340095,CUST41486893,30.72
CUST61346417,CUST77650473,79.52
CUST61353041,CUST19394916,44.0832
CUST61411107,CUST23727364,7.84
CUST61489514,EXTERNAL318868,296.1408
CUST61550231,CUST47437733,192.32
CUST61989134,EXTERNAL232836,106.496
CUST62031176,CUST47437733,253.92
CUST62099697,EXTERNAL114943,108.8512
CUST62169356,CUST17098365,556.48
CUST62240020,CUST82313253,15.36
CUST62311804,CUST15613784,10.4448
CUST62365574,CUST86249244,346.5216
CUST62571995,CUST23671542,4.9152
CUST62829842,CUST28295610,121.12
CUST63335733,CUST23671542,87.3984
CUST63377244,CUST78616283,9.28
CUST63761609,EXTERNAL115428,8.8064
CUST63977399,CUST76050174,3.2768
CUST64168920,CUST39488147,23.0912
CUST64465046,CUST78571575,51.2
CUST64832167,CUST76050174,3.1744
CUST65050383,EXTERNAL442222,194.816
CUST65130084,CUST86587232,399.36
CUST65340409,CUST40711059,51.2
CUST65379371,CUST98751418,170.0864
CUST65514209,CUST24682604,23.0912
CUST65526964,CUST18223545,150.1696
CUST65910095,CUST13316799,254.4
CUST66136146,CUST11892041,573.696
CUST66180202,CUST44814315,64.3072
CUST66455704,CUST15613784,62.6688
CUST66481708,EXTERNAL943335,7.8848
CUST66620525,EXTERNAL940827,0.768
CUST66720001,CUST32902928,354.56
CUST67336758,CUST70275199,963.84
CUST67408284,CUST47541541,282.9824
CUST67518940,CUST15613784,37.1712
CUST67931250,CUST80628259,4.3008
CUST68179710,CUST85769551,70.08
CUST68555173,EXTERNAL808154,11.264
CUST68809223,CUST32902928,65.28
CUST69069935,CUST33235910,106.9056
CUST69667305,CUST28612234,50.3808
CUST69907373,EXTERNAL132127,213.4528
CUST69913172,EXTERNAL291990,15.36
CUST70214941,CUST90944243,111.104
CUST70473905,CUST80106109,4.5056
CUST70597096,CUST18223545,123.6992
CUST70626773,EXTERNAL248256,85.6064
CUST70852804,EXTERNAL715836,120.832
CUST71105481,EXTERNAL750176,18.0224
CUST71128989,CUST78136383,2.5088
CUST71421843,CUST78571575,54.4
CUST71432919,CUST78571575,240
CUST71649789,EXTERNAL132127,29.4912
CUST71660301,CUST87088153,245.76
CUST71808328,CUST75429953,16.96
CUST73193080,EXTERNAL500937,10.2912
CUST73217707,CUST88742195,194.08
CUST73358826,EXTERNAL318868,65.536
CUST73457399,CUST44171874,59.25
CUST74281944,EXTERNAL750176,258.6624
CUST74295244,CUST78571575,392.8
CUST74477208,CUST26372737,94.6176
CUST74832170,CUST87088153,44.8512
CUST75025654,CUST76050174,3.1232
CUST75194576,EXTERNAL500937,18.432
CUST75513819,CUST19789963,48.4352
CUST75544586,CUST23727364,1.6
CUST75717553,EXTERNAL940827,41.0624
CUST75957760,CUST78571575,46.72
CUST76036327,CUST47541541,50.7904
CUST76174562,EXTERNAL750176,14.1312
CUST76341425,CUST54743885,53.1456
CUST76499789,CUST82313253,138.2912
CUST76744023,CUST48654180,688.64
CUST77186715,EXTERNAL458544,50.2784
CUST77219993,EXTERNAL940827,3012.8128
CUST77229741,CUST13667019,2.5088
CUST77449021,CUST39488147,22.528
CUST77537952,CUST19394916,43.008
CUST77565840,CUST26372737,16.1792
CUST77686843,CUST36419645,0.7168
CUST77701090,EXTERNAL940827,8.7552
CUST77762832,CUST82313253,4.5056
CUST77785075,CUST77650473,202.88
CUST77916298,CUST98751418,159.232
CUST78014342,CUST41486893,17.664
CUST78340432,EXTERNAL205227,20.992
CUST78571575,EXTERNAL504847,16.35
CUST78642968,EXTERNAL442222,28.0064
CUST78803542,CUST78616283,670.4
CUST78896039,EXTERNAL940827,25.8048
CUST78897393,EXTERNAL439731,437.92
CUST78978942,CUST56676120,1457.92
CUST79008458,CUST59187176,0
CUST79147790,CUST41486893,665.4464
CUST79247860,CUST32902928,659.2
CUST79294982,CUST39488147,17.8176
CUST80196764,CUST15613784,50.0224
CUST80624212,CUST13667019,21.504
CUST80628259,EXTERNAL808154,113.664
CUST80906077,CUST90944243,10.6496
CUST81064890,CUST47437733,235.52
CUST81170097,CUST23727364,304
CUST81407041,CUST82313253,85.1456
CUST81654004,CUST86249244,314.9824
CUST81836971,CUST90295739,760
CUST82117612,EXTERNAL163941,14.2848
CUST83179230,CUST47437733,243.84
CUST83543268,CUST73707963,112.8
CUST83746702,CUST90295739,217.28
CUST84272748,CUST78571575,290.4
CUST84523926,EXTERNAL500937,105.3696
CUST84628760,CUST23671542,49.7664
CUST84894614,CUST40565883,47.104
CUST85110692,CUST90944243,130.8672
CUST85310124,CUST11892041,3.072
CUST85349003,EXTERNAL940827,68.9152
CUST86107803,CUST90295739,291.2
CUST86492515,CUST41486893,132.7104
CUST86531147,CUST86249244,71.7824
CUST86582333,CUST86587232,909.28
CUST86944844,CUST82313253,99.7376
CUST87067794,EXTERNAL163941,0.6144
CUST87096261,EXTERNAL935466,731.5456
CUST87293186,CUST17098365,805.12
CUST87597129,CUST54743885,77.6704
CUST87601743,CUST47035199,40.16
CUST87676769,CUST18223545,127.9488
CUST87720590,EXTERNAL808154,392.3968
CUST88031556,EXTERNAL596720,34.816
CUST88202891,EXTERNAL931436,0
CUST88666731,CUST47541541,30.6688
CUST88782524,CUST39488147,8.5504
CUST88991743,EXTERNAL351715,257.024
CUST89161657,CUST40565883,49.152
CUST89180016,CUST47437733,168.32
CUST89589883,EXTERNAL318868,18.944
CUST89668572,CUST76050174,2.8672
CUST90001364,CUST78616283,120.96
CUST90244272,CUST93628665,6.912
CUST90442626,CUST88742195,635.2
CUST90891949,EXTERNAL750176,52.224
CUST90947322,CUST77650473,456.8
CUST91386281,CUST96415364,196.608
CUST91719270,EXTERNAL734218,898.7648
CUST92815152,CUST86249244,111.0016
CUST92825253,CUST23671542,56.32
CUST93370845,CUST47048868,461.5168
CUST93444512,EXTERNAL458544,49.9712
CUST93864919,EXTERNAL798251,23.1424
CUST94089190,CUST44814315,27.4432
CUST94939424,CUST87088153,38.912
CUST94941167,CUST38249804,46.08
CUST95706352,CUST28295610,2.56
CUST96609053,CUST54743885,24.3712
CUST97154374,EXTERNAL500937,185.344
CUST97533468,CUST44814315,17.664
CUST97707476,CUST89933886,3.7888
CUST97709382,CUST13667019,196.5056
CUST97710713,CUST47048868,242.0736
CUST98094102,EXTERNAL232836,33.8432
CUST98155962,EXTERNAL152078,90.112
CUST98292911,CUST93628665,7.3216
CUST98399836,CUST70275199,107.04
CUST98903556,CUST47437733,390.4
CUST98925293,CUST40565883,43.52
CUST98993940,CUST70275199,247.04
CUST99064037,EXTERNAL205227,23.3984
CUST99140559,CUST87088153,559.5648
CUST99600817,CUST90295739,823.04
CUST99774645,CUST13316799,133.12
EXTERNAL101538,CUST94401179,735.36
EXTERNAL104777,CUST13667019,31.744
EXTERNAL107876,CUST91035194,2.9184
EXTERNAL111407,CUST47437733,201.28
EXTERNAL117097,CUST86249244,2.9696
EXTERNAL117512,CUST44814315,1186.304
EXTERNAL128321,CUST90295739,930.88
EXTERNAL134748,CUST11892041,3.7376
EXTERNAL137985,CUST93628665,6.4
EXTERNAL140181,CUST85769551,1792.8
EXTERNAL140776,CUST12456988,2.048
EXTERNAL147886,CUST73707963,44.16
EXTERNAL151664,CUST81777790,2.1504
EXTERNAL157817,CUST28146540,0.1024
EXTERNAL158341,CUST98751418,127.4368
EXTERNAL158414,CUST87088153,122.368
EXTERNAL170322,CUST47541541,3557.7856
EXTERNAL173048,CUST78616283,181.6
EXTERNAL176215,CUST26372737,78.6432
EXTERNAL178010,CUST86249244,99.4816
EXTERNAL186076,CUST40711059,8.704
EXTERNAL190066,CUST82313253,70.0416
EXTERNAL194146,CUST78616283,117.6
EXTERNAL198315,CUST85769551,331.2
EXTERNAL202606,CUST32902928,29.12
EXTERNAL205243,CUST40565883,39.8848
EXTERNAL205975,CUST18223545,112.4352
EXTERNAL207068,CUST40565883,39.5776
EXTERNAL208405,CUST26372737,82.1248
EXTERNAL213176,CUST15613784,22.528
EXTERNAL217353,CUST70275199,824.8
EXTERNAL219136,CUST87536772,7.7824
EXTERNAL233591,CUST41486893,34.304
EXTERNAL238488,CUST54743885,421.0176
EXTERNAL246343,CUST78136383,15.4112
EXTERNAL251568,CUST41486893,11.264
EXTERNAL253084,CUST93628665,7.7824
EXTERNAL256568,CUST40565883,46.0288
EXTERNAL259070,CUST54743885,42.4448
EXTERNAL260755,CUST47035199,469.44
EXTERNAL269456,CUST18223545,155.8528
EXTERNAL269828,CUST90295739,301.6
EXTERNAL280206,CUST56676120,263.68
EXTERNAL280610,CUST87088153,17.408
EXTERNAL289413,CUST28146540,26.8288
EXTERNAL293223,CUST41486893,40.5504
EXTERNAL293915,CUST28612234,12.3904
EXTERNAL294617,CUST78616283,12.8
EXTERNAL296382,CUST32902928,808
EXTERNAL297548,CUST89933886,136.3968
EXTERNAL298188,CUST22508613,4.0448
EXTERNAL309585,CUST30893462,5.12
EXTERNAL317650,CUST85769551,14537.12
EXTERNAL318429,CUST86587232,397.76
EXTERNAL320395,CUST68455677,4.5056
EXTERNAL323896,CUST13316799,1268.64
EXTERNAL325613,CUST26372737,1.4848
EXTERNAL335347,CUST78571575,432
EXTERNAL335478,CUST87088153,3.6864
EXTERNAL336539,CUST18223545,24.3712
EXTERNAL339849,CUST32902928,93.12
EXTERNAL351305,CUST80106109,41.984
EXTERNAL355548,CUST77650473,192
EXTERNAL357570,CUST93628665,6.144
EXTERNAL365710,CUST59187176,604.16
EXTERNAL374035,CUST38900516,83.2
EXTERNAL377440,CUST78616283,110.56
EXTERNAL379583,CUST86249244,347.4432
EXTERNAL380607,CUST78571575,9643.52
EXTERNAL380707,CUST26372737,62.6688
EXTERNAL388585,CUST85769551,119.36
EXTERNAL392507,CUST54743885,4.864
EXTERNAL392642,CUST26372737,5.12
EXTERNAL396169,CUST23671542,0.4096
EXTERNAL401147,CUST76050174,3.3792
EXTERNAL402128,CUST13316799,158.4
EXTERNAL411378,CUST41486893,36.6592
EXTERNAL415410,CUST93628665,6.144
EXTERNAL420490,CUST86587232,1518.88
EXTERNAL423355,CUST40565883,32.4608
EXTERNAL427085,CUST82313253,114.8928
EXTERNAL427319,CUST78616283,10.88
EXTERNAL432958,CUST86587232,44.96
EXTERNAL440796,CUST68455677,2314.24
EXTERNAL445839,CUST68455677,18.432
EXTERNAL448706,CUST78616283,988.96
EXTERNAL449554,CUST28612234,10.0864
EXTERNAL449977,CUST78571575,83.36
EXTERNAL451984,CUST86587232,54.4
EXTERNAL454442,CUST90944243,5.4784
EXTERNAL463866,CUST85769551,5758.72
EXTERNAL466451,CUST90944243,114.688
EXTERNAL468589,CUST78136383,56.9344
EXTERNAL469705,CUST23727364,142.08
EXTERNAL477334,CUST44814315,38.7072
EXTERNAL492552,CUST10530118,3.2768
EXTERNAL495956,CUST90944243,55.808
EXTERNAL497131,CUST28612234,20.1728
EXTERNAL503551,CUST33235910,77.6704
EXTERNAL505492,CUST19789963,603.0336
EXTERNAL506146,CUST78616283,963.84
EXTERNAL510249,CUST39488147,21.248
EXTERNAL515619,CUST47541541,78.6432
EXTERNAL516067,CUST70275199,258.88
EXTERNAL522985,CUST75429953,112
EXTERNAL523718,CUST85769551,29.44
EXTERNAL527423,CUST82313253,87.2448
EXTERNAL527948,CUST85769551,2573.44
EXTERNAL532451,CUST85769551,336
EXTERNAL533118,CUST75744223,10.08
EXTERNAL537302,CUST56676120,9.44
EXTERNAL545166,CUST78136383,152.1664
EXTERNAL545753,CUST98751418,187.904
EXTERNAL546798,CUST23727364,89.28
EXTERNAL551443,CUST73707963,169.12
EXTERNAL553006,CUST85769551,9.6
EXTERNAL555704,CUST98751418,0
EXTERNAL557991,CUST38249804,0.1536
EXTERNAL560045,CUST23671542,56.4224
EXTERNAL560637,CUST93628665,97.0752
EXTERNAL562933,CUST56676120,631.84
EXTERNAL571941,CUST33235910,24.3712
EXTERNAL573909,CUST23727364,48.32
EXTERNAL577290,CUST23671542,69.2224
EXTERNAL577924,CUST40776834,8.9088
EXTERNAL585072,CUST32773954,40.96
EXTERNAL586013,CUST54743885,2551.808
EXTERNAL586692,CUST22508613,2.8672
EXTERNAL587062,CUST47437733,160
EXTERNAL587454,CUST78571575,127.36
EXTERNAL588216,CUST90295739,1113.28
EXTERNAL588946,CUST85769551,14070.4
EXTERNAL590407,CUST68455677,8.192
EXTERNAL591747,CUST86249244,250.88
EXTERNAL595114,CUST98751418,48.64
EXTERNAL595757,CUST12852950,2.2528
EXTERNAL596206,CUST19394916,35.2256
EXTERNAL599918,CUST90295739,1187.2
EXTERNAL607073,CUST23727364,878.88
EXTERNAL608003,CUST23671542,62.9248
EXTERNAL611016,CUST85769551,827.84
EXTERNAL612203,CUST44814315,172.032
EXTERNAL616071,CUST30893462,4.9664
EXTERNAL616071,CUST70275199,189.44
EXTERNAL616071,CUST98751418,85.4016
EXTERNAL622718,CUST47035199,402.4
EXTERNAL626998,CUST40711059,47.104
EXTERNAL631117,CUST78616283,0.32
EXTERNAL632710,CUST32902928,444.8
EXTERNAL633225,CUST28295610,119.68
EXTERNAL637210,CUST86587232,137.76
EXTERNAL638191,CUST23727364,24.32
EXTERNAL639339,CUST23727364,26.4
EXTERNAL643517,CUST51501732,0.4096
EXTERNAL646721,CUST77650473,69.12
EXTERNAL650015,CUST85769551,1704.96
EXTERNAL652412,CUST47048868,3.6864
EXTERNAL667490,CUST19789963,10.24
EXTERNAL670732,CUST19789963,234.1888
EXTERNAL673277,CUST28295610,214.4
EXTERNAL673385,CUST19789963,295.3216
EXTERNAL673385,CUST47541541,335.2576
EXTERNAL673588,CUST86249244,253.2864
EXTERNAL677583,CUST90295739,318.4
EXTERNAL680527,CUST28612234,11.6736
EXTERNAL687565,CUST80106109,48.8448
EXTERNAL690017,CUST40711059,51.712
EXTERNAL690096,CUST87088153,3421.7984
EXTERNAL690823,CUST40565883,4.1984
EXTERNAL693846,CUST92741397,27.2384
EXTERNAL695268,CUST13316799,864
EXTERNAL697312,CUST39488147,17.3056
EXTERNAL697479,CUST87088153,305.664
EXTERNAL706409,CUST87088153,673.6896
EXTERNAL714420,CUST39488147,2.048
EXTERNAL715548,CUST37270380,2.3552
EXTERNAL721954,CUST47541541,17.3056
EXTERNAL721954,CUST90944243,19.456
EXTERNAL722370,CUST19789963,5.12
EXTERNAL726891,CUST78136383,39.3216
EXTERNAL729234,CUST19394916,57.856
EXTERNAL730724,CUST75429953,94.08
EXTERNAL739130,CUST39488147,28.672
EXTERNAL739319,CUST59187176,73.728
EXTERNAL743911,CUST59187176,945.3568
EXTERNAL745574,CUST41486893,118.5792
EXTERNAL748383,CUST90295739,3154.72
EXTERNAL757992,CUST39488147,25.1904
EXTERNAL795123,CUST28612234,71.2704
EXTERNAL809777,CUST56676120,166.72
EXTERNAL820923,CUST73707963,112.64
EXTERNAL821220,CUST82313253,73.1136
EXTERNAL823368,CUST82313253,3741.2864
EXTERNAL825715,CUST41486893,500.736
EXTERNAL826502,CUST73707963,264.96
EXTERNAL833909,CUST86249244,12.288
EXTERNAL840467,CUST32902928,819.2
EXTERNAL861885,CUST73707963,1.92
EXTERNAL863805,CUST10482801,1.536
EXTERNAL867013,CUST82116037,321.024
EXTERNAL869836,CUST19789963,254.7712
EXTERNAL876062,CUST28612234,61.44
EXTERNAL886198,CUST47035199,64
EXTERNAL887719,CUST59187176,65.0752
EXTERNAL893726,CUST78136383,0.6144
EXTERNAL896513,CUST39488147,14.1824
EXTERNAL896697,CUST47541541,3404.1856
EXTERNAL897633,CUST85769551,65.28
EXTERNAL898268,CUST10482801,1229.4144
EXTERNAL904057,CUST41486893,10.6496
EXTERNAL904284,CUST10530118,4.3008
EXTERNAL905216,CUST59187176,29.696
EXTERNAL906561,CUST40711059,47.5136
EXTERNAL911371,CUST54743885,7.7824
EXTERNAL912993,CUST40711059,5.7344
EXTERNAL926385,CUST70275199,48
EXTERNAL933765,CUST80628259,3.072
EXTERNAL934686,CUST85769551,41.44
EXTERNAL936078,CUST23727364,1026.56
EXTERNAL939190,CUST23671542,48.7424
EXTERNAL944412,CUST13316799,112
EXTERNAL951873,CUST24682604,6.5536
EXTERNAL960727,CUST90295739,390.08
EXTERNAL962184,CUST99651515,13.312
EXTERNAL965602,CUST39488147,26.624
EXTERNAL965882,CUST36419645,1.024
EXTERNAL967110,CUST98751418,212.7872
EXTERNAL977456,CUST76050174,2.4576
EXTERNAL978166,CUST93628665,6.3488
EXTERNAL986148,CUST73707963,278.24
EXTERNAL988362,CUST11892041,18.0224
EXTERNAL988715,CUST28612234,58.368
EXTERNAL989666,CUST23671542,70.8608
EXTERNAL990664,CUST90295739,209.28
EXTERNAL992426,CUST10482801,26.8288
EXTERNAL994003,CUST10482801,1000.6528
EXTERNAL994510,CUST78136383,208.4864
EXTERNAL995189,CUST39488147,8.192
EXTERNAL996542,CUST78571575,245.12
EXTERNAL998296,CUST44814315,44.2368
CUST10521548,EXTERNAL599111,350.4
CUST10521548,EXTERNAL800073,132
CUST12586309,CUST20579316,79.65
CUST12586309,CUST28503840,6.15
CUST12586309,CUST84496903,87.3
CUST12586309,EXTERNAL263695,62.1
CUST12586309,EXTERNAL342067,106.5
CUST12586309,EXTERNAL667538,37.8
CUST19045186,CUST17796980,63.42
CUST19045186,CUST21436537,108.6
CUST19045186,CUST23771869,84
CUST19045186,CUST32007618,112.8
CUST19045186,CUST92988912,67.44
CUST19045186,CUST95691914,9.6
CUST19045186,CUST97564796,0.6
CUST19045186,CUST98184225,100.56
CUST19045186,EXTERNAL147831,111.96
CUST19045186,EXTERNAL166567,10.32
CUST19045186,EXTERNAL806954,113.52
CUST29156003,CUST19357994,178.095
CUST29156003,CUST68713233,1032
CUST32417932,CUST12825907,61.92
CUST32417932,EXTERNAL637378,243.6
CUST32417932,EXTERNAL995241,230.64
CUST33059790,CUST18002290,90
CUST33059790,CUST21069318,38.4
CUST33059790,CUST43062000,357.075
CUST33059790,EXTERNAL201857,328.8
CUST33059790,EXTERNAL931050,8.1
CUST35475939,EXTERNAL185435,81.18
CUST35475939,EXTERNAL311325,100.8
CUST41632480,CUST12344389,945.12
CUST45674350,CUST18903712,32.4
CUST45674350,CUST19913725,65.7
CUST45674350,CUST32008442,21.375
CUST45674350,EXTERNAL172924,135
CUST57212625,EXTERNAL641390,59.52
CUST62878936,CUST21530272,71.7
CUST62878936,CUST27563814,6
CUST62878936,CUST30914972,390.78
CUST62878936,CUST45577461,372
CUST62878936,CUST51470945,15.96
CUST62878936,CUST73937732,169.56
CUST62878936,EXTERNAL552167,24.24
CUST62878936,EXTERNAL801218,265.5
CUST70977942,CUST18385502,83.925
CUST70977942,CUST27634902,0
CUST70977942,CUST31937466,269.7
CUST70977942,CUST82367455,73.5
CUST70977942,EXTERNAL254415,101.25
CUST70977942,EXTERNAL960998,3.075
CUST73457399,CUST24623825,2038.35
CUST73457399,CUST68555173,36.225
CUST73457399,CUST77951380,24
CUST73457399,CUST95598416,695.4
CUST73457399,EXTERNAL211403,1050
CUST73457399,EXTERNAL766759,66.3
CUST75072593,CUST68149146,261.84
CUST80174234,CUST42220260,5.325
CUST80174234,CUST56565044,42
CUST80174234,EXTERNAL783366,1.5
CUST80174234,EXTERNAL823888,99
CUST87779877,CUST24105118,9.6
CUST87779877,CUST48233698,13.2
CUST87779877,CUST62260959,9.54
CUST87779877,CUST78554577,314.16
CUST87779877,EXTERNAL218562,481.74
CUST87779877,EXTERNAL268698,41.28
CUST87779877,EXTERNAL457700,10.8
CUST87779877,EXTERNAL458191,8.16
CUST87779877,EXTERNAL625679,4.2
CUST87779877,EXTERNAL864173,76.8
CUST89137381,CUST22695181,104.16
CUST89137381,CUST67812121,24
CUST89137381,CUST81654004,479.52
CUST89137381,EXTERNAL487415,141.78
CUST89137381,EXTERNAL677037,69.36
CUST98840303,CUST31304165,456.72
CUST99163899,CUST32283109,324
CUST99163899,CUST61725625,12.6
CUST99163899,CUST80429850,96
CUST99163899,CUST83970800,18.84
CUST99163899,CUST99559288,747.06
CUST99163899,EXTERNAL184646,785.28
CUST99163899,EXTERNAL239377,78.72
EXTERNAL579387,CUST75810408,2477.4
EXTERNAL590333,CUST28854919,20.64
EXTERNAL590333,CUST41966919,134.04
EXTERNAL590333,CUST43063116,115.08
EXTERNAL590333,CUST46833832,34.32
EXTERNAL590333,CUST50698406,56.4
EXTERNAL590333,CUST72296835,2.94
EXTERNAL590333,CUST89803489,8.4
EXTERNAL590333,CUST96002587,223.2
EXTERNAL613332,CUST13235360,3822.24
EXTERNAL623068,CUST52699754,150.6
EXTERNAL785554,CUST83251685,573.6
EXTERNAL785554,CUST95229000,2342.64
EXTERNAL796777,CUST65329551,333.6
EXTERNAL870376,CUST56672134,2236.8
EXTERNAL870376,CUST69648654,1239.6
EXTERNAL907939,CUST13970666,21.15
EXTERNAL907939,CUST26667997,40.8
EXTERNAL907939,CUST36884663,259.575
EXTERNAL907939,CUST67595112,37.35
EXTERNAL907939,CUST70668910,35.55
EXTERNAL907939,CUST77553363,24.825
EXTERNAL907939,CUST88434258,148.125
EXTERNAL907939,CUST92628888,29.1
EXTERNAL907939,CUST96496870,6.75
EXTERNAL985690,CUST12215769,199.5
EXTERNAL985690,CUST41746352,29.25
EXTERNAL985690,CUST59020326,128.625
EXTERNAL985690,CUST64139777,95.775
EXTERNAL985690,CUST68150428,90
EXTERNAL985690,CUST77801581,32.7
EXTERNAL985690,CUST88049871,67.725
EXTERNAL985690,CUST88131821,16.575
EXTERNAL985690,CUST94465897,830.25
CUST12344389,CUST12540922,4.932
CUST12344389,CUST44313894,12.078
CUST12344389,CUST63078608,202.023
CUST12344389,CUST98916240,95.472
CUST12344389,EXTERNAL440994,66.69
CUST12344389,EXTERNAL743339,21.6
CUST12825907,CUST15708627,10.881
CUST12825907,CUST20616045,8.775
CUST12825907,CUST63178437,3.6
CUST12825907,CUST71699005,4.464
CUST12825907,CUST88814433,6.66
CUST12825907,EXTERNAL347008,0.558
CUST12825907,EXTERNAL474029,4.5
CUST12825907,EXTERNAL732711,6.966
CUST13235360,CUST83399268,66.483
CUST13235360,EXTERNAL381717,75.465
CUST13970666,EXTERNAL284261,3.015
CUST18002290,CUST50365932,1.71
CUST18002290,EXTERNAL903419,15.1425
CUST18385502,CUST49362800,1.35
CUST18385502,CUST51648234,31.1625
CUST18385502,CUST61982463,22.37625
CUST18385502,EXTERNAL296860,6.51375
CUST18385502,EXTERNAL502487,20.52
CUST18903712,CUST69156819,0.09
CUST18903712,EXTERNAL821851,7.02
CUST19357994,CUST65277905,16.4025
CUST19357994,EXTERNAL823386,2.25
CUST19357994,EXTERNAL846771,10.6425
CUST19357994,EXTERNAL932484,17.55
CUST19913725,CUST21229870,6.705
CUST19913725,CUST36797247,1.575
CUST19913725,CUST65698312,10.44
CUST19913725,CUST67321343,0.1125
CUST19913725,CUST80343741,9.61875
CUST19913725,EXTERNAL925283,5.38875
CUST20579316,CUST13235360,18.12375
CUST20579316,CUST13751541,27.675
CUST20579316,CUST17885701,25.61625
CUST20579316,CUST56591471,20.8575
CUST20579316,CUST59347819,26.33625
CUST20579316,CUST98094102,11.19375
CUST20579316,EXTERNAL107876,0.54
CUST21436537,CUST43449281,4.914
CUST21436537,CUST48808682,0.81
CUST21436537,CUST52612532,0.18
CUST21436537,CUST84065578,287.64
CUST21436537,CUST85132679,27.207
CUST21436537,EXTERNAL354684,5.4
CUST21436537,EXTERNAL469234,41.616
CUST21436537,EXTERNAL477237,48.42
CUST21436537,EXTERNAL510234,310.752
CUST21530272,CUST13039509,14.022
CUST21530272,CUST21537616,8.28
CUST21530272,CUST32309453,6.12
CUST21530272,CUST50015621,1.512
CUST21530272,CUST80315766,14.616
CUST21530272,CUST83239474,11.016
CUST21530272,CUST91550456,9.828
CUST21530272,EXTERNAL112647,1.881
CUST21530272,EXTERNAL128149,16.56
CUST21530272,EXTERNAL211617,1.539
CUST21530272,EXTERNAL227365,14.967
CUST21530272,EXTERNAL698069,16.2
CUST21530272,EXTERNAL742064,8.91
CUST21530272,EXTERNAL797537,0.351
CUST22695181,CUST81478085,19.755
CUST24623825,EXTERNAL133617,141.03
CUST24623825,EXTERNAL673351,572.6025
CUST26667997,CUST58950356,11.385
CUST26667997,EXTERNAL978051,6.525
CUST27634902,EXTERNAL319628,0
CUST27634902,EXTERNAL491905,0.045
CUST28854919,CUST32204582,3.78
CUST30914972,CUST24888675,7.884
CUST30914972,CUST28325236,4.68
CUST30914972,EXTERNAL316061,4.284
CUST30914972,EXTERNAL395448,115.506
CUST30914972,EXTERNAL581430,13.86
CUST31304165,CUST38994164,1.602
CUST31304165,CUST51389241,1.368
CUST31304165,EXTERNAL607450,34.92
CUST31937466,CUST32016099,0.32625
CUST31937466,CUST42149316,6.075
CUST31937466,CUST82705437,34.6725
CUST31937466,EXTERNAL689669,13.30875
CUST32007618,CUST15410547,0.108
CUST32007618,CUST23392150,6.03
CUST32007618,CUST88015896,5.4
CUST32007618,CUST94218041,1.512
CUST32007618,EXTERNAL622178,145.98
CUST32008442,EXTERNAL725201,254.25
CUST32283109,CUST11891278,3.96
CUST32283109,CUST46457045,58.275
CUST32283109,CUST72021020,5.868
CUST32283109,CUST87410751,2.088
CUST32283109,EXTERNAL338448,77.094
CUST32283109,EXTERNAL484540,6.588
CUST32283109,EXTERNAL939935,0.27
CUST36884663,EXTERNAL590382,3.1275
CUST41746352,EXTERNAL224997,3.8475
CUST41966919,CUST14169346,23.202
CUST41966919,CUST39529653,15.732
CUST41966919,CUST44566856,0.288
CUST41966919,CUST52183590,24.246
CUST41966919,CUST83774261,11.034
CUST41966919,CUST87639233,11.835
CUST41966919,EXTERNAL501024,14.958
CUST41966919,EXTERNAL620161,135.756
CUST42220260,CUST31332217,0.9225
CUST43062000,CUST44874518,9
CUST43062000,CUST57020239,0.63
CUST44171874,CUST63441792,10.305
CUST44171874,CUST67113283,7.155
CUST44171874,EXTERNAL135805,5.70375
CUST44171874,EXTERNAL196740,7.5375
CUST44171874,EXTERNAL627755,6.075
CUST45577461,CUST21174959,8.64
CUST45577461,CUST46286587,0.828
CUST45577461,EXTERNAL204151,0.396
CUST45577461,EXTERNAL500136,9.612
CUST45577461,EXTERNAL634410,4.752
CUST48233698,CUST17626754,2.898
CUST48233698,CUST42501184,3.483
CUST48233698,CUST45431632,3.132
CUST48233698,CUST46836693,1.926
CUST48233698,CUST77501181,1.224
CUST48233698,EXTERNAL225015,3.384
CUST48233698,EXTERNAL237941,0.522
CUST48233698,EXTERNAL272373,2.412
CUST48233698,EXTERNAL344670,0.972
CUST48233698,EXTERNAL500241,2.808
CUST48233698,EXTERNAL531695,132.228
CUST48233698,EXTERNAL537272,3.24
CUST48233698,EXTERNAL692048,3.87
CUST50698406,CUST11826876,13.131
CUST50698406,CUST13032742,17.748
CUST50698406,CUST22091461,9.936
CUST50698406,CUST32589969,12.465
CUST50698406,CUST32653714,18.252
CUST50698406,CUST37368385,3.78
CUST50698406,CUST46011784,12.24
CUST50698406,CUST93032575,15.084
CUST50698406,EXTERNAL177191,24.84
CUST50698406,EXTERNAL195953,0.432
CUST50698406,EXTERNAL211517,292.968
CUST50698406,EXTERNAL641259,10.017
CUST50698406,EXTERNAL767388,9.828
CUST51470945,CUST31582224,2.07
CUST51470945,CUST55614695,1.908
CUST51470945,CUST58410499,2.106
CUST51470945,CUST62220978,1.8
CUST51470945,CUST92585832,3.6
CUST51470945,EXTERNAL151225,0.828
CUST51470945,EXTERNAL378449,1.656
CUST51470945,EXTERNAL540925,1.512
CUST51470945,EXTERNAL663280,1.44
CUST51470945,EXTERNAL846806,1.458
CUST51470945,EXTERNAL931932,1.656
CUST51470945,EXTERNAL938811,1.314
CUST52699754,CUST35604744,1.8
CUST52699754,CUST58506480,17.829
CUST52699754,CUST62692737,9.405
CUST52699754,CUST78534123,22.644
CUST52699754,EXTERNAL260759,2.142
CUST52699754,EXTERNAL551700,1.692
CUST56565044,CUST90955447,7.245
CUST56672134,CUST59515623,4.104
CUST59020326,CUST20453878,21.0825
CUST59020326,CUST25433800,0.37125
CUST59020326,CUST30937447,22.005
CUST59020326,CUST46630092,19.3275
CUST59020326,CUST50626435,8.91
CUST59020326,CUST64979317,17.2125
CUST59020326,CUST85621137,14.04
CUST59020326,EXTERNAL195762,7.2
CUST59020326,EXTERNAL308640,0.23625
CUST59020326,EXTERNAL782387,27.14625
CUST61725625,EXTERNAL528520,1.8
CUST64139777,CUST31936458,14.49
CUST64139777,CUST69843642,11.43
CUST64139777,CUST72785949,14.4
CUST64139777,CUST75616274,10.0125
CUST64139777,CUST87635633,15.2775
CUST64139777,CUST96644632,12.96
CUST64139777,EXTERNAL509869,17.4375
CUST64139777,EXTERNAL532939,18.1125
CUST64139777,EXTERNAL705113,14.895
CUST65329551,CUST55038881,0.81
CUST65329551,EXTERNAL472883,12.78
CUST68149146,CUST43703521,29.772
CUST68149146,CUST73504844,5.688
CUST68149146,CUST91770626,34.524
CUST68149146,CUST96528529,5.067
CUST68149146,EXTERNAL361104,43.74
CUST68149146,EXTERNAL735291,24.48
CUST68149146,EXTERNAL754055,5.4
CUST68149146,EXTERNAL866008,0.099
CUST68150428,CUST47152270,8.7975
CUST68150428,CUST64139777,16.875
CUST68150428,CUST99220722,16.2675
CUST68555173,CUST12436472,5.94
CUST68555173,CUST32038261,4.7475
CUST68555173,CUST33854305,6.6375
CUST68555173,CUST45022479,1.935
CUST68555173,CUST78177053,4.635
CUST68555173,EXTERNAL101232,3.69
CUST68555173,EXTERNAL214887,6.345
CUST68555173,EXTERNAL471192,3.5775
CUST68555173,EXTERNAL771679,3.7125
CUST68713233,CUST70934516,1.44
CUST68713233,EXTERNAL465991,24.84
CUST68713233,EXTERNAL875306,111.015
CUST70668910,CUST85585402,7.695
CUST72296835,CUST22188516,0.54
CUST72296835,CUST26980206,0.468
CUST72296835,CUST45275175,0.576
CUST73937732,CUST36026339,18.045
CUST73937732,CUST51540012,19.395
CUST73937732,CUST69294828,11.97
CUST73937732,CUST80105762,2.61
CUST73937732,EXTERNAL105472,144.162
CUST73937732,EXTERNAL182371,302.04
CUST73937732,EXTERNAL390898,26.109
CUST75810408,CUST32049135,5.58
CUST77553363,CUST16621183,5.175
CUST77553363,CUST75489073,5.22
CUST77553363,EXTERNAL517024,4.01625
CUST77801581,CUST15911833,1.49625
CUST77801581,CUST35604744,2.295
CUST77801581,CUST82525426,4.815
CUST77801581,CUST83651725,4.185
CUST77801581,CUST87857770,4.365
CUST77801581,CUST88243830,5.76
CUST77801581,CUST92088574,4.2075
CUST77801581,EXTERNAL159843,2.25
CUST77801581,EXTERNAL685802,4.53375
CUST77801581,EXTERNAL840810,4.5
CUST77801581,EXTERNAL848427,4.03875
CUST77951380,CUST34314981,4.66875
CUST78554577,CUST20051048,30.798
CUST78554577,CUST44656687,24.57
CUST78554577,CUST57907423,65.412
CUST78554577,CUST86162487,15.984
CUST78554577,EXTERNAL666192,16.884
CUST78554577,EXTERNAL831407,71.406
CUST80429850,CUST50303192,17.082
CUST80429850,CUST58862057,1.584
CUST80429850,CUST69936684,1.08
CUST80429850,CUST88048477,2.916
CUST80429850,CUST96924117,17.19
CUST80429850,EXTERNAL110794,31.419
CUST80429850,EXTERNAL229417,130.068
CUST80429850,EXTERNAL739319,25.56
CUST80429850,EXTERNAL742965,20.412
CUST81654004,CUST42228797,3.402
CUST81654004,CUST44361150,0.954
CUST81654004,CUST45857167,3.924
CUST81654004,CUST47433367,61.578
CUST81654004,CUST63593870,48.087
CUST81654004,CUST72178465,2.052
CUST81654004,CUST86866821,42.345
CUST81654004,CUST91550972,2.844
CUST81654004,CUST99524363,17.991
CUST81654004,EXTERNAL178127,70.866
CUST81654004,EXTERNAL786261,38.52
CUST81654004,EXTERNAL822225,47.574
CUST83251685,EXTERNAL257152,1.44
CUST83970800,CUST49631156,3.024
CUST83970800,CUST73865850,4.401
CUST84496903,CUST19410357,26.4375
CUST84496903,CUST27550848,7.25625
CUST84496903,CUST70935712,25.155
CUST84496903,CUST93481728,16.11
CUST84496903,EXTERNAL413139,17.04375
CUST84496903,EXTERNAL678687,0.9
CUST84496903,EXTERNAL807321,2.3625
CUST88049871,CUST67984306,0.19125
CUST88434258,CUST28027863,39.825
CUST88434258,CUST50733631,16.0875
CUST89803489,EXTERNAL493466,1.512
CUST89803489,EXTERNAL875992,1.08
CUST92628888,CUST25266761,4.725
CUST92628888,CUST27129282,0.93375
CUST92628888,CUST32892879,3.825
CUST92628888,EXTERNAL152355,1.125
CUST92628888,EXTERNAL651255,3.555
CUST92628888,EXTERNAL824431,0.045
CUST92628888,EXTERNAL897917,4.1175
CUST92628888,EXTERNAL962184,2.9925
CUST92988912,EXTERNAL461706,8.1
CUST94465897,CUST32009784,11.01375
CUST95229000,CUST10319003,22.572
CUST95229000,CUST20906657,24.462
CUST95229000,CUST75268147,21.42
CUST95229000,EXTERNAL100784,42.516
CUST95229000,EXTERNAL338311,25.488
CUST95229000,EXTERNAL394865,31.518
CUST95229000,EXTERNAL639963,3.15
CUST95229000,EXTERNAL764886,27
CUST95598416,CUST33732310,29.61
CUST95598416,CUST63967199,27.4275
CUST95598416,EXTERNAL122400,0.16875
CUST96496870,CUST51657118,1.17
CUST96496870,CUST57026140,0.9
CUST97564796,CUST26934824,0.09
CUST97564796,CUST39224282,0.036
CUST97564796,EXTERNAL322049,0
CUST97564796,EXTERNAL768079,0
CUST98184225,CUST31912299,5.58
CUST98184225,CUST53069370,25.569
CUST98184225,CUST64168920,14.274
CUST98184225,CUST95107371,0.189
CUST98184225,EXTERNAL354980,0.126
CUST98184225,EXTERNAL430303,2.988
CUST98184225,EXTERNAL500585,25.38
CUST98184225,EXTERNAL514462,100.098
CUST98184225,EXTERNAL630973,0.288
CUST99559288,CUST93823788,123.174
CUST99559288,EXTERNAL132933,1.854
CUST99559288,EXTERNAL385538,1.935
CUST99559288,EXTERNAL386259,123.12
CUST99559288,EXTERNAL582780,214.38
EXTERNAL147831,CUST16470870,0.828
EXTERNAL147831,CUST98991668,0.36
EXTERNAL166567,CUST49193417,1.8
EXTERNAL185435,CUST17751491,3.06
EXTERNAL185435,CUST22354777,10.818
EXTERNAL185435,CUST51140769,13.104
EXTERNAL185435,CUST63373012,8.316
EXTERNAL201857,CUST19063837,59.625
EXTERNAL211403,CUST24623825,90
EXTERNAL218562,CUST92141713,112.347
EXTERNAL239377,CUST22039429,1.926
EXTERNAL239377,CUST33248916,1.89
EXTERNAL239377,CUST33300285,14.346
EXTERNAL239377,CUST51349045,1.332
EXTERNAL239377,CUST54174710,0.648
EXTERNAL239377,CUST73054430,8.892
EXTERNAL239377,CUST78748418,4.968
EXTERNAL239377,CUST87601743,2.79
EXTERNAL239377,CUST98530510,2.718
EXTERNAL268698,CUST44768012,5.4
EXTERNAL268698,CUST61591429,0.792
EXTERNAL342067,CUST18548879,12.69
EXTERNAL342067,CUST18736803,11.48625
EXTERNAL342067,CUST19132568,10.22625
EXTERNAL342067,CUST22166867,13.5225
EXTERNAL342067,CUST39725368,6.93
EXTERNAL342067,CUST48084660,11.79
EXTERNAL342067,CUST63968521,5.445
EXTERNAL342067,CUST76412814,17.13375
EXTERNAL342067,CUST77758338,0.495
EXTERNAL458191,CUST38873103,1.224
EXTERNAL487415,CUST22351059,37.998
EXTERNAL487415,CUST28677292,3.555
EXTERNAL487415,CUST68280059,0.468
EXTERNAL487415,CUST70357218,35.172
EXTERNAL487415,CUST73322359,19.26
EXTERNAL487415,CUST85116613,5.76
EXTERNAL487415,CUST88286020,2.385
EXTERNAL552167,CUST33632352,4.428
EXTERNAL599111,CUST20293967,52.704
EXTERNAL599111,CUST40031747,40.14
EXTERNAL599111,CUST41704252,28.386
EXTERNAL599111,CUST42131062,2.61
EXTERNAL599111,CUST45132020,0.432
EXTERNAL599111,CUST47057861,12.528
EXTERNAL599111,CUST68962968,19.62
EXTERNAL599111,CUST99915107,6.534
EXTERNAL637378,CUST57857998,12.06
EXTERNAL637378,CUST70344890,30.024
EXTERNAL637378,CUST84389995,40.122
EXTERNAL637378,CUST97710713,45.792
EXTERNAL641390,CUST30134048,0.297
EXTERNAL677037,CUST50957186,6.48
EXTERNAL677037,CUST95412796,1.386
EXTERNAL766759,CUST23660639,0.9
EXTERNAL766759,CUST88436666,11.5875
EXTERNAL783366,CUST50016660,0.1125
EXTERNAL783366,CUST54952707,0.12375
EXTERNAL783366,CUST59827463,0.10125
EXTERNAL783366,CUST98849965,0.09
EXTERNAL800073,CUST17682033,2.997
EXTERNAL800073,CUST18194858,20.556
EXTERNAL800073,CUST23279696,3.96
EXTERNAL800073,CUST26526634,20.421
EXTERNAL800073,CUST28097648,24.048
EXTERNAL800073,CUST41457445,4.068
EXTERNAL800073,CUST49977486,0.27
EXTERNAL800073,CUST61709557,18.558
EXTERNAL800073,CUST63396557,26.748
EXTERNAL800073,CUST99212221,27.36
EXTERNAL801218,CUST31385597,116.892
EXTERNAL801218,CUST38017659,659.16
EXTERNAL801218,CUST52185888,4.86
EXTERNAL801218,CUST57711106,14.589
EXTERNAL801218,CUST83254907,31.284
EXTERNAL801218,CUST92989398,16.641
EXTERNAL801218,CUST99140559,80.64
EXTERNAL806954,CUST14359595,10.476
EXTERNAL806954,CUST15410547,0.135
EXTERNAL806954,CUST58248981,1.44
EXTERNAL806954,CUST64132179,3.888
EXTERNAL806954,CUST67692412,41.436
EXTERNAL806954,CUST71993268,0.036
EXTERNAL806954,CUST79669543,52.209
EXTERNAL806954,CUST92628888,3.384
EXTERNAL806954,CUST94382531,48.726
EXTERNAL806954,CUST99692330,3.618
EXTERNAL823888,CUST62756897,7.65
EXTERNAL864173,CUST78761030,0.036
EXTERNAL864173,CUST87991032,15.624
EXTERNAL931050,CUST28228358,1.15875
EXTERNAL931050,CUST41187577,0.68625
EXTERNAL931050,CUST47826673,0.9
EXTERNAL931050,CUST52932652,0.765
EXTERNAL931050,CUST53515794,1.125
EXTERNAL931050,CUST57854537,0.9225
EXTERNAL931050,CUST57882554,0.9
EXTERNAL931050,CUST62202891,0.54
EXTERNAL931050,CUST64407187,0.03375
EXTERNAL931050,CUST80385109,0.765
EXTERNAL931050,CUST99741628,1.035
EXTERNAL995241,CUST37670780,6.48
EXTERNAL995241,CUST37855869,29.556
EXTERNAL995241,CUST51219636,163.791
EXTERNAL995241,CUST76207845,9.18
EXTERNAL995241,CUST85800529,38.196
EXTERNAL995241,CUST86680420,3.024
EXTERNAL995241,CUST88247060,0.819
EXTERNAL995241,CUST88799361,56.592
EXTERNAL995241,CUST95978247,10.53