Source,Target,counts,Amount
CUST10241684,CUST82211624,1,986
CUST10269415,CUST38998449,1,331
CUST10371815,CUST41274277,1,1015
CUST10453665,CUST81232964,1,435
CUST10465526,CUST36687448,1,1184
CUST10482801,CUST87727321,1,4256
CUST10482801,CUST99163899,1,8588
CUST10530118,CUST12586309,1,0
CUST10543571,CUST92232880,1,1790
CUST10601184,CUST48233698,1,184.5
CUST10661960,CUST78803542,1,1158.5
CUST10780832,CUST53185470,1,3958.5
CUST10873510,EXTERNAL970947,1,374
CUST11007044,CUST18385502,1,873
CUST11133887,CUST47437733,1,13
CUST11144716,CUST71088646,1,140
CUST11144716,CUST74459793,1,2730
CUST11187823,CUST48227096,1,1076
CUST11208995,CUST50338284,1,660
CUST11240383,CUST11546110,1,191
CUST11329336,CUST39791936,1,1190
CUST11329336,EXTERNAL860474,1,1100
CUST11339291,CUST19791581,1,2720
CUST11415546,CUST20720661,1,90
CUST11448476,CUST43422083,1,1045
CUST11698052,CUST74327086,1,5616
CUST11729791,CUST34756871,1,19
CUST11760614,CUST49442340,1,110
CUST11881821,CUST29328610,1,39
CUST11892041,CUST56743898,1,4961
CUST11892041,CUST99163899,1,6710
CUST11892041,EXTERNAL718485,1,13517
CUST11943516,CUST59407582,1,3945
CUST12039762,CUST70177998,1,931
CUST12121888,CUST77650473,1,371.5
CUST12187524,CUST51794708,1,6410
CUST12187524,CUST88188600,1,2350
CUST12282122,CUST54606598,1,1100
CUST12327927,CUST96855426,1,16670
CUST12328458,EXTERNAL339447,1,251
CUST12417535,CUST90346975,1,1037.5
CUST12473321,CUST25730513,1,5736.5
CUST12473321,CUST89648116,1,1161
CUST12533027,CUST29725513,1,2262
CUST12604513,CUST11240383,1,228
CUST12671609,EXTERNAL188537,1,1523
CUST12671609,EXTERNAL209286,1,1208
CUST12852950,CUST10543571,1,6623.5
CUST12852950,CUST35475939,1,2266
CUST12852950,CUST79801194,1,3758
CUST12991849,CUST81232964,1,4216
CUST12992046,CUST32365345,1,34233
CUST13022889,CUST98262263,1,18348
CUST13264698,CUST77650473,1,85.5
CUST13316799,CUST28913564,1,454
CUST13316799,CUST70977942,1,3245
CUST13316799,CUST77188529,1,2134
CUST13316799,CUST90758098,1,62
CUST13316799,EXTERNAL462083,1,3118
CUST13316799,EXTERNAL515953,1,176.5
CUST13316799,EXTERNAL985690,1,3234
CUST13481334,CUST87768326,1,2927.5
CUST13535882,CUST54606598,1,2648
CUST13567965,CUST47110564,1,1616.5
CUST13567965,EXTERNAL366135,1,2912
CUST13577647,EXTERNAL733654,1,2120
CUST13667019,CUST55867986,1,11443
CUST13667019,CUST59417911,1,13959.5
CUST13667019,EXTERNAL585397,1,29896
CUST13667019,EXTERNAL907939,1,8539
CUST13690232,CUST60056259,1,60
CUST13690232,EXTERNAL135838,1,59
CUST13919654,EXTERNAL477467,1,560
CUST13927477,EXTERNAL515619,1,372
CUST13959709,CUST44777016,1,2014
CUST14147571,CUST53103922,1,1798
CUST14205842,CUST14421422,1,992
CUST14206864,CUST33130087,1,265
CUST14267164,CUST50237501,1,1735.5
CUST14275108,CUST25697455,1,148
CUST14302397,EXTERNAL188045,1,1544
CUST14410112,EXTERNAL279728,1,7626.5
CUST14595014,CUST82211624,1,3737
CUST14803339,CUST90585792,1,1305
CUST15182071,CUST13316799,1,1854
CUST15182071,CUST42999591,1,691
CUST15182071,CUST44777016,1,2421.5
CUST15182071,CUST77920458,1,1610
CUST15182071,CUST97617768,1,36.5
CUST15182071,EXTERNAL182053,1,1469.5
CUST15184694,CUST84233333,1,1520.5
CUST15222342,CUST35740537,1,1587
CUST15503361,CUST17997346,1,298
CUST15503361,CUST21142837,1,208.5
CUST15503361,EXTERNAL439731,1,8593
CUST15709618,CUST18080503,1,1380
CUST15808515,CUST32845838,1,2763
CUST15808515,EXTERNAL586394,1,4022
CUST15877342,CUST29599066,1,1036.5
CUST15915789,CUST21714072,1,7885
CUST15915789,CUST32542866,1,5660
CUST15915789,CUST48471885,1,9988.5
CUST15915789,EXTERNAL133789,1,8718.5
CUST15915789,EXTERNAL183992,1,8813.5
CUST15915789,EXTERNAL204074,1,10588
CUST15915789,EXTERNAL688930,1,564
CUST15915789,EXTERNAL962974,1,8556
CUST16005122,CUST34502455,1,400
CUST16020967,CUST93300931,1,410
CUST16121426,CUST14421422,1,18363
CUST16122141,CUST61286320,1,684
CUST16122141,CUST64623065,1,332
CUST16122141,CUST89648116,1,600
CUST16122141,EXTERNAL219056,1,2298.5
CUST16122141,EXTERNAL276744,1,1101
CUST16122141,EXTERNAL510401,1,406
CUST16122141,EXTERNAL519922,1,710
CUST16265664,CUST34502455,1,2807
CUST16387074,CUST93823788,1,14983.5
CUST16429548,CUST11025700,1,285
CUST16571613,CUST28984415,1,142
CUST16672713,CUST12694182,1,10
CUST17026840,CUST90480699,1,1714.5
CUST17098365,CUST44348689,1,3717
CUST17098365,CUST73457399,1,2163
CUST17098365,EXTERNAL818255,1,1798
CUST17108298,CUST84709973,1,1475
CUST17136831,CUST81265791,1,4004
CUST17188994,CUST17492750,1,102
CUST17219264,EXTERNAL846771,1,186
CUST17399973,CUST24433165,1,262
CUST17415330,CUST24255560,1,2520.5
CUST17486068,CUST27709927,1,3793
CUST17496701,CUST89141759,1,3290
CUST17513706,CUST75429953,1,460
CUST17513706,EXTERNAL363105,1,19400.5
CUST17513706,EXTERNAL659042,1,6144
CUST17585194,CUST11642169,1,3970
CUST17585194,CUST39322363,1,1790
CUST17585194,CUST53638983,1,4760
CUST17585194,CUST94324631,1,1211
CUST17585194,EXTERNAL195810,1,5983
CUST17626754,CUST80923417,1,1724
CUST17817159,CUST19791581,1,210
CUST17818185,EXTERNAL646579,1,533.5
CUST17852576,CUST61286320,1,1162.5
CUST17865132,CUST13022889,1,18758
CUST17931896,CUST27709927,1,8255
CUST17931896,EXTERNAL105936,1,394
CUST18033844,CUST81265791,1,94
CUST18073345,EXTERNAL323214,1,9738.5
CUST18077471,CUST82211624,1,257
CUST18152889,CUST39791936,1,475.5
CUST18223545,CUST89137381,1,1306.5
CUST18223545,CUST89273283,1,1544
CUST18277944,CUST11563228,1,3340
CUST18277944,CUST22296566,1,6
CUST18743583,EXTERNAL874504,1,192
CUST18752246,EXTERNAL366135,1,16
CUST18815552,CUST16122141,1,745
CUST18815552,CUST86436526,1,1423
CUST18815552,EXTERNAL784009,1,1715.5
CUST18854236,CUST11025700,1,540
CUST18858097,CUST31937466,1,20
CUST19045186,CUST21436537,1,905
CUST19045186,CUST32007618,1,940
CUST19045186,CUST98184225,1,838
CUST19061604,CUST89202407,1,5451
CUST19061604,EXTERNAL553535,1,8140
CUST19061604,EXTERNAL870503,1,110
CUST19222074,CUST51794708,1,1270
CUST19222074,CUST97608242,1,2018
CUST19233927,CUST99281574,1,570
CUST19345268,CUST25216525,1,240
CUST19459381,CUST60458062,1,370
CUST19459381,CUST75233380,1,3240
CUST19459381,EXTERNAL225156,1,382
CUST19459381,EXTERNAL491334,1,382
CUST19459381,EXTERNAL637432,1,19183.5
CUST19459381,EXTERNAL934630,1,100
CUST19527530,CUST67775829,1,1948
CUST19527530,CUST99654164,1,1476
CUST19615991,CUST17492750,1,141
CUST19615991,CUST78803542,1,1284.5
CUST19615991,CUST79940613,1,1938
CUST19615991,EXTERNAL792871,1,5578
CUST19632843,CUST11240383,1,257
CUST19678855,CUST36687448,1,1325
CUST19678855,CUST95472175,1,13155.5
CUST19678855,EXTERNAL531933,1,4352
CUST19678855,EXTERNAL914822,1,10500
CUST19702299,CUST41961928,1,10000
CUST19702299,CUST98920690,1,14420
CUST19702299,EXTERNAL462083,1,4685
CUST19702299,EXTERNAL873804,1,12435
CUST19714705,EXTERNAL239377,1,245
CUST19789963,CUST26313751,1,4789.5
CUST19789963,EXTERNAL160928,1,5558.5
CUST19789963,EXTERNAL252393,1,6470
CUST19789963,EXTERNAL907939,1,9060
CUST19791581,CUST17492750,1,167
CUST19791581,CUST28899102,1,815
CUST19791581,CUST76399763,1,473
CUST19791581,CUST89312065,1,1137.5
CUST19791581,EXTERNAL500377,1,620.5
CUST19791581,EXTERNAL710460,1,2225
CUST19791581,EXTERNAL904935,1,8
CUST19933655,CUST89312065,1,1095
CUST20047667,CUST54353517,1,527.5
CUST20394517,CUST90921813,1,96
CUST20442883,CUST28411970,1,904
CUST20442883,CUST77650473,2,22500
CUST20688050,CUST56743935,1,4483
CUST20714259,CUST40703038,1,3480
CUST20714259,CUST75259334,1,1520
CUST20714259,EXTERNAL570073,1,3219.5
CUST20737798,CUST64623065,1,50
CUST21005388,CUST54570501,1,120
CUST21018297,EXTERNAL637523,1,188.5
CUST21108501,CUST56743898,1,128
CUST21277628,CUST73199995,1,23141
CUST21525518,CUST39813987,1,2456.5
CUST21930288,CUST90480699,1,1610
CUST22189706,CUST20406227,1,286
CUST22205859,CUST24539383,1,231
CUST22362223,CUST21045356,1,2552
CUST22362223,CUST24433165,1,3345
CUST22362223,CUST24860259,1,4230
CUST22362223,EXTERNAL106041,1,37840
CUST22362223,EXTERNAL893445,1,2521
CUST22385004,CUST41966919,1,699
CUST22385151,CUST92232880,1,1722
CUST22462561,CUST49112623,1,2986
CUST22498420,CUST37684134,1,16
CUST22498420,CUST60256318,1,25.5
CUST22498420,CUST62850658,1,2569
CUST22498420,EXTERNAL337401,1,370
CUST22498420,EXTERNAL688930,1,814
CUST22498420,EXTERNAL807205,1,2832
CUST22508613,EXTERNAL907939,1,24
CUST22562029,CUST28453984,1,5644
CUST22710475,EXTERNAL656875,1,170
CUST23052185,CUST41274277,1,228.5
CUST23142428,CUST98184225,1,440
CUST23211367,EXTERNAL660609,1,922
CUST23255062,EXTERNAL251130,1,9150
CUST23255062,EXTERNAL278563,1,16496
CUST23353403,CUST53103922,1,775
CUST23466844,CUST48804147,1,32686
CUST23467943,CUST25100749,1,116
CUST23646926,CUST39791936,1,744
CUST23671542,CUST45674350,1,537.5
CUST23671542,EXTERNAL578013,1,31140
CUST23711723,CUST63295449,1,56
CUST23711723,CUST79978908,1,1784.5
CUST23727364,CUST45674350,1,3357
CUST23741571,CUST16387074,1,615
CUST24005727,CUST55737264,1,1512
CUST24005727,CUST76696612,1,1243
CUST24005727,EXTERNAL719597,1,4221.5
CUST24277940,CUST78554577,1,16
CUST24460185,CUST78803542,1,869
CUST24468153,CUST44533046,1,29504
CUST24468153,EXTERNAL519559,1,1114.5
CUST24468153,EXTERNAL637432,1,29492
CUST24644449,CUST94918950,1,9338.5
CUST24664513,EXTERNAL985690,1,1074.5
CUST24675376,CUST49561640,1,453
CUST24692887,CUST63505111,1,1740
CUST24780314,CUST93300931,1,2819
CUST24782428,CUST44605894,1,28
CUST24786329,CUST37497310,1,3103
CUST24889770,CUST52971160,1,27
CUST24889770,EXTERNAL775264,1,6333
CUST24895349,CUST64222586,1,6600
CUST24952060,CUST60056259,1,899
CUST25024794,CUST72239801,1,1792
CUST25067208,CUST77258732,1,75.5
CUST25246738,EXTERNAL656875,1,6817
CUST25250550,CUST89733037,1,92
CUST25449222,CUST18010577,1,178
CUST25476094,EXTERNAL288338,1,24420
CUST25730765,CUST11563228,1,5477
CUST25730765,CUST17963864,1,1162
CUST25730765,EXTERNAL288876,1,6660
CUST25730765,EXTERNAL798057,1,3834
CUST25859776,CUST54719910,1,746
CUST26324832,CUST18851796,1,106
CUST26338008,EXTERNAL688930,1,39
CUST26600312,EXTERNAL515619,1,25
CUST26612293,CUST58141643,1,2337.5
CUST26725560,CUST79138251,1,2677
CUST26843031,EXTERNAL251130,1,316.5
CUST26886462,CUST98262263,1,2044
CUST26886462,EXTERNAL178145,1,1362
CUST26886462,EXTERNAL660609,1,40719
CUST26958534,CUST89141759,1,482
CUST27182079,CUST43421234,1,1841.5
CUST27280148,CUST86422958,1,4335
CUST27403977,CUST68521518,1,689
CUST27451723,CUST31937466,1,8
CUST27471288,EXTERNAL344917,1,2
CUST27532269,CUST89794833,1,36
CUST27532269,EXTERNAL629352,1,1550
CUST27556028,CUST69837875,1,601
CUST27663469,EXTERNAL688930,1,568.5
CUST27758588,EXTERNAL971883,1,8422.5
CUST27885953,CUST81139349,1,104
CUST27967009,EXTERNAL775264,1,11790
CUST28125890,CUST39813987,1,2282
CUST28125890,CUST84769011,1,12122.5
CUST28125890,EXTERNAL439731,1,45866.5
CUST28295610,CUST45674350,1,1640
CUST28295610,CUST88755324,1,614.5
CUST28295610,EXTERNAL251130,1,477
CUST28375229,CUST44777016,1,2289
CUST28434211,CUST20406227,1,4004.5
CUST28434211,EXTERNAL507461,1,108.5
CUST28503609,EXTERNAL161775,1,1852
CUST28504595,EXTERNAL784009,1,674
CUST28612234,CUST73457399,1,494
CUST28688963,CUST68297791,1,2620
CUST28855796,CUST48935248,1,314
CUST28889884,CUST29679797,1,2585
CUST28889884,CUST31299272,1,3189
CUST28944542,CUST13022889,1,9419.5
CUST29042956,CUST24433165,1,3556.5
CUST29156003,CUST12586309,2,9977
CUST29156003,CUST68713233,1,6880
CUST29181625,EXTERNAL364167,1,1312.5
CUST29205252,CUST68713233,1,55
CUST29300901,CUST13474320,1,5052.5
CUST29350651,CUST21805617,1,176
CUST29350651,CUST42326376,1,943
CUST29350651,CUST68521518,1,675
CUST29350651,EXTERNAL170053,1,664
CUST29599066,CUST70005385,1,1543
CUST29599066,CUST71949332,1,498
CUST29599066,CUST82211624,1,1931.5
CUST29879217,EXTERNAL604927,1,28
CUST29905091,CUST60941829,1,60
CUST30055166,EXTERNAL170053,1,68
CUST30118522,EXTERNAL460425,1,3
CUST30211550,CUST63505111,1,1631.5
CUST30271118,EXTERNAL368915,1,112
CUST30281584,CUST31917982,1,1181
CUST30480621,CUST80923417,1,34
CUST30490713,EXTERNAL948609,1,1488
CUST30572296,CUST56534072,1,1435
CUST30572296,EXTERNAL232881,2,4063
CUST30572296,EXTERNAL721883,1,9017.5
CUST30856735,CUST47433367,1,1155.5
CUST30856735,CUST81654004,1,1048
CUST30948393,CUST76696612,1,1268
CUST30948393,EXTERNAL458309,1,14151
CUST31073257,EXTERNAL460425,1,3235
CUST31161885,CUST59407582,1,96.5
CUST31290952,EXTERNAL553535,1,460
CUST31299272,CUST39732579,1,3581.5
CUST31299272,CUST72986894,1,210
CUST31299272,CUST99122642,1,274
CUST31299272,EXTERNAL200353,1,9451
CUST31299272,EXTERNAL301429,1,26
CUST31413445,CUST99654164,1,27515
CUST31652369,CUST16790830,1,2326
CUST31652369,CUST43824866,1,731
CUST31652369,CUST58116627,1,1400.5
CUST31652369,CUST82921884,1,11979.5
CUST31652369,EXTERNAL394941,1,981
CUST31652369,EXTERNAL439731,1,35335
CUST31683368,CUST90195396,1,3405
CUST31700669,CUST53185470,1,401
CUST31701473,CUST93823788,1,1656
CUST31835783,CUST66327417,1,956.5
CUST32021743,CUST32845838,1,553
CUST32098888,CUST49112623,1,184
CUST32108059,CUST56534072,1,1566
CUST32169689,CUST61286320,1,1430
CUST32169689,CUST62138607,1,3475
CUST32169689,EXTERNAL295513,1,1268
CUST32169689,EXTERNAL537125,1,2299
CUST32348352,CUST38966266,1,1072
CUST32349877,CUST19913725,1,506
CUST32349877,EXTERNAL390460,1,2392
CUST32417932,EXTERNAL637378,1,2030
CUST32417932,EXTERNAL995241,1,1922
CUST32568124,EXTERNAL964124,1,54.5
CUST32579876,CUST29599066,1,56.5
CUST32614423,CUST39813987,1,2216
CUST32614423,CUST89041790,1,1310
CUST32614423,EXTERNAL454168,1,6765
CUST32641490,CUST78749858,1,52.5
CUST32717756,CUST13567965,1,1960
CUST32717756,CUST25216525,1,10163
CUST32717756,CUST37345704,1,4582
CUST32717756,CUST72193210,1,7785
CUST32717756,EXTERNAL373224,1,28780
CUST32717756,EXTERNAL549644,1,7640
CUST32838242,CUST39791936,1,962
CUST32838242,EXTERNAL538368,1,310
CUST32838242,EXTERNAL543136,1,100
CUST32902928,CUST45674350,1,4295
CUST32902928,CUST48227096,1,2128.5
CUST32944238,CUST25210192,1,1069
CUST33059790,CUST21069318,1,256
CUST33059790,CUST35475939,1,11200
CUST33059790,CUST99163899,1,12981.5
CUST33059790,EXTERNAL590333,1,2420
CUST33097384,CUST39070172,1,117
CUST33097384,EXTERNAL971883,1,7350
CUST33109762,EXTERNAL659042,1,426
CUST33167989,CUST23419675,1,40
CUST33183592,CUST19988152,1,10676.5
CUST33235910,CUST80174234,1,551.5
CUST33444777,CUST17997346,1,213
CUST33463551,CUST88195447,1,1123
CUST33463551,CUST90679251,1,1707.5
CUST33495871,EXTERNAL688930,1,749
CUST33588389,CUST64222586,1,2930
CUST33776955,CUST82211624,1,40
CUST34085938,CUST12344389,1,960
CUST34106731,CUST69473096,1,1219.5
CUST34251561,EXTERNAL451289,1,54
CUST34322603,CUST28564744,1,156
CUST34340873,EXTERNAL688930,1,66.5
CUST34500315,CUST94577407,1,194
CUST34742368,CUST21436537,1,47
CUST34742368,EXTERNAL926322,1,3110
CUST34809317,EXTERNAL846771,1,268
CUST34886476,CUST99281574,1,2701.5
CUST35148823,CUST50810697,1,100
CUST35406062,CUST20406227,1,236
CUST35472439,CUST54606598,1,178
CUST35475939,EXTERNAL311325,1,840
CUST35495247,CUST28715805,1,1043
CUST35495247,CUST32283109,1,3540
CUST35495247,CUST36405209,1,11027
CUST35495247,CUST98167837,1,2091
CUST35516922,CUST73800248,1,3289
CUST35581968,EXTERNAL964124,1,509
CUST35630323,CUST47469087,1,1712.5
CUST35750563,CUST82211624,1,3234
CUST35864627,CUST83124299,1,196.5
CUST35875963,CUST73707963,1,1221
CUST35875963,EXTERNAL303366,2,3188
CUST35879380,CUST39791936,1,1442
CUST36075191,EXTERNAL474208,1,2045
CUST36087772,CUST69473096,1,947
CUST36217776,CUST32007618,1,0
CUST36230428,CUST29607910,1,13
CUST36488998,CUST13022889,1,100
CUST36672855,EXTERNAL345251,1,2658
CUST36672855,EXTERNAL791420,1,5103
CUST36687448,CUST18010577,1,1655
CUST36687448,CUST89938830,1,1657
CUST36687448,EXTERNAL531933,1,976
CUST36695430,CUST77188529,1,486.5
CUST36704314,CUST56743935,1,2247.5
CUST36778988,CUST24539383,1,5580
CUST36798866,CUST18010577,1,1242
CUST36803709,CUST22498420,1,2670
CUST36803709,CUST38619845,2,6527
CUST36803709,EXTERNAL351987,1,1018
CUST37077394,CUST93300931,1,10
CUST37405890,CUST11025700,1,539
CUST37683330,CUST32283109,1,2
CUST37729812,CUST18385502,1,1630
CUST37729812,EXTERNAL131745,1,21870
CUST37738542,CUST73199995,1,10
CUST37766304,CUST36687448,1,1362
CUST37795738,CUST67581396,1,576
CUST37884490,CUST15503361,1,3502
CUST37909858,CUST90480699,1,1560
CUST38005159,CUST92733696,1,4082
CUST38110854,CUST73199995,1,629
CUST38131074,CUST50437840,1,26
CUST38131074,CUST94918950,1,39323
CUST38131074,CUST96869815,1,330.5
CUST38131074,EXTERNAL492710,1,217
CUST38131074,EXTERNAL524961,1,76
CUST38131074,EXTERNAL874504,1,8741.5
CUST38183433,CUST17997346,1,352
CUST38184025,EXTERNAL439731,1,60
CUST38224940,CUST42436255,1,1835
CUST38224940,CUST55774936,1,28968
CUST38224940,CUST75160501,1,17431
CUST38224940,CUST84233333,1,1348
CUST38224940,CUST93590968,1,3288
CUST38224940,CUST97562937,1,6566
CUST38224940,EXTERNAL554802,1,26454
CUST38224940,EXTERNAL924419,1,8694
CUST38249804,CUST12586309,1,371
CUST38366771,CUST71482189,1,763
CUST38379014,CUST24564765,1,386
CUST38721914,CUST28295610,1,92
CUST38761687,CUST41274277,1,215
CUST38835328,EXTERNAL769455,1,40720
CUST38863130,EXTERNAL784009,1,2564
CUST39034458,CUST90195396,1,14
CUST39070172,CUST18432152,1,1376
CUST39070172,CUST88718854,1,1208
CUST39070172,CUST89291356,1,4800
CUST39070172,EXTERNAL287886,1,390
CUST39070172,EXTERNAL347878,1,39054
CUST39070172,EXTERNAL964124,1,36718
CUST39077984,CUST44217254,1,630
CUST39225154,CUST56743935,1,1484
CUST39421342,CUST67581396,1,1376
CUST39529653,CUST43790050,1,7442
CUST39529653,CUST45942328,1,1366
CUST39529653,CUST57312630,1,35
CUST39529653,CUST67391185,1,9922
CUST39529653,CUST71829503,1,8550
CUST39529653,CUST99741628,1,6908
CUST39634777,CUST68147585,1,1146
CUST39660914,CUST92733696,1,7751
CUST39718919,CUST73199995,1,23226
CUST39784727,EXTERNAL161775,1,511.5
CUST39878673,CUST54938421,1,2184
CUST39909871,CUST67997904,1,4514
CUST39909871,EXTERNAL519922,1,2630
CUST39909871,EXTERNAL926759,1,23053.5
CUST39915212,CUST22498420,1,2684.5
CUST39947164,CUST12694182,1,3485
CUST39976333,CUST28125890,1,6107
CUST40010223,CUST85304457,1,826
CUST40037446,EXTERNAL904935,1,7.5
CUST40103022,CUST42326376,1,1020
CUST40103022,CUST98663777,1,3046
CUST40103022,EXTERNAL448761,1,1861.5
CUST40484570,CUST16387074,1,64
CUST40499659,CUST20406227,1,284
CUST40535224,CUST29679797,1,471
CUST40676834,CUST24433165,1,272
CUST40711059,CUST57212625,1,490
CUST40711059,EXTERNAL903292,1,32581.5
CUST40728738,CUST11240383,1,167
CUST40794609,CUST11563228,1,3998
CUST40794609,CUST99877627,1,2840
CUST40883135,CUST85135983,1,2990.5
CUST41020275,CUST80923417,1,156
CUST41074813,CUST97404838,1,46
CUST41380261,CUST47469087,1,70
CUST41486893,CUST12586309,1,387
CUST41486893,CUST32443552,1,5235
CUST41486893,EXTERNAL868445,1,1320
CUST41486893,EXTERNAL988639,1,35242.5
CUST41578544,CUST44217254,1,1614.5
CUST41632480,CUST12344389,1,7876
CUST41657291,CUST25360897,1,1246
CUST41657291,CUST57288936,1,1390
CUST41738888,EXTERNAL460425,1,1595
CUST41738888,EXTERNAL470908,1,1237
CUST41852582,CUST28564744,1,444
CUST41907946,CUST30749905,1,143.5
CUST41990367,CUST78554577,1,66
CUST42001753,EXTERNAL387020,1,41215
CUST42077250,CUST34502455,1,3225
CUST42219945,CUST73707963,1,1527.5
CUST42219945,EXTERNAL646579,1,2805
CUST42477359,CUST99442802,1,130
CUST42500276,EXTERNAL531933,1,644.5
CUST43074815,CUST33118710,1,6
CUST43123101,CUST29725513,1,2128
CUST43182273,CUST34251561,1,2730.5
CUST43182273,EXTERNAL529128,1,3024
CUST43273953,CUST24255560,1,5542
CUST43394757,CUST94918950,1,202
CUST43538421,CUST57442065,1,3556
CUST43538421,CUST89141759,1,2984
CUST43538421,EXTERNAL256962,1,3890.5
CUST43701456,CUST40709755,1,1693
CUST43859184,CUST38043470,1,470
CUST43872155,CUST63505111,1,48
CUST43882447,CUST41966919,1,1163
CUST43912000,CUST82921884,1,136.5
CUST44096623,EXTERNAL246667,1,1190
CUST44120532,EXTERNAL178145,1,1210.5
CUST44152370,CUST68254699,1,1230
CUST44159400,EXTERNAL448706,1,1045
CUST44208127,CUST23419675,1,253
CUST44313894,CUST51794708,1,605
CUST44327759,CUST17997346,1,314
CUST44348689,CUST22615097,1,100
CUST44348689,CUST30140369,1,846
CUST44348689,CUST50875210,1,2252
CUST44348689,CUST53118934,1,391
CUST44348689,CUST72856637,1,50
CUST44348689,EXTERNAL241878,1,1816
CUST44348689,EXTERNAL570209,1,1823
CUST44348689,EXTERNAL846771,1,1675
CUST44533046,CUST19459381,1,21362
CUST44533046,CUST97404838,1,2111
CUST44533046,EXTERNAL305987,1,32095
CUST44605894,CUST30749905,1,156
CUST44605894,CUST49547303,1,7426
CUST44605894,CUST51794708,1,5554
CUST44605894,CUST77650473,1,2580
CUST44605894,CUST99654164,1,4780.5
CUST44666992,CUST82211624,1,800
CUST44672861,CUST89202407,1,95
CUST44814315,CUST10846049,1,13238
CUST44814315,CUST94850463,1,13633
CUST44814315,EXTERNAL590333,1,3500
CUST44814315,EXTERNAL803964,1,1608
CUST44823081,CUST67775829,1,1960
CUST45211266,CUST32419908,1,42.5
CUST45339536,CUST25290610,1,2910
CUST45464365,CUST24255560,1,6647
CUST45560785,EXTERNAL549644,1,1401
CUST45674350,CUST19913725,1,438
CUST45674350,CUST98840303,1,5798.5
CUST45674350,EXTERNAL172924,2,900
CUST45674350,EXTERNAL579387,1,11368
CUST45674350,EXTERNAL609165,1,11537
CUST45674350,EXTERNAL676409,1,6975
CUST45674350,EXTERNAL796777,1,3770.5
CUST45680058,CUST13567965,1,573.5
CUST45753582,CUST50538854,1,609
CUST45764755,CUST67775829,1,15
CUST45942328,CUST64222586,1,1717.5
CUST46106099,CUST89273283,1,2086.5
CUST46234286,CUST30749905,1,46
CUST46249680,CUST84233333,1,51
CUST46280981,CUST92872028,1,1150
CUST46302125,CUST39216311,1,38
CUST46333170,CUST49547303,1,4717
CUST46392740,CUST17997346,1,268
CUST46424238,CUST55464304,1,700
CUST46735985,CUST77650473,1,2657
CUST46735985,CUST95701952,1,1675
CUST46735985,EXTERNAL515619,1,1115
CUST46815533,EXTERNAL995241,1,1840
CUST46864961,CUST73457399,1,2550
CUST46969180,CUST68147585,1,2975
CUST47035199,CUST19791581,1,1211
CUST47035199,CUST22498420,1,1780
CUST47035199,CUST29156003,1,3025
CUST47048868,CUST19045186,1,1035
CUST47048868,CUST50237501,1,1205
CUST47048868,CUST55005800,1,6690
CUST47048868,EXTERNAL637523,1,1156
CUST47262010,CUST86587232,1,1858
CUST47342120,CUST30914972,1,1342.5
CUST47437733,CUST50338284,1,790
CUST47437733,CUST68105048,1,280
CUST47437733,CUST75611127,1,258
CUST47437733,EXTERNAL229909,1,100
CUST47437733,EXTERNAL345251,1,929.5
CUST47469087,CUST35358831,1,1724
CUST47541541,CUST19045186,1,1035
CUST47585738,CUST25697455,1,9350
CUST47762032,CUST79801194,1,463
CUST47768060,CUST28984415,1,2715
CUST47778545,CUST31366173,1,21448
CUST47778545,CUST49561640,1,3717.5
CUST47778545,CUST50538854,1,25592.5
CUST47778545,CUST84195234,1,1853.5
CUST47846653,CUST80816116,1,1027
CUST47878176,CUST99654164,1,542.5
CUST48192481,EXTERNAL483111,1,2263.5
CUST48426474,CUST55464304,1,2384
CUST48467010,CUST83881392,1,9188
CUST48467010,CUST89141759,1,2500
CUST48467010,EXTERNAL494648,1,1241
CUST48471885,CUST87635633,1,3092
CUST48478928,EXTERNAL323214,1,82
CUST48569306,CUST47110564,1,298
CUST48674114,CUST31299272,1,135
CUST48736901,EXTERNAL553535,1,99.5
CUST48739806,CUST73800248,1,1100
CUST48760648,CUST84709973,1,380
CUST48808682,CUST20442883,1,21
CUST49011169,EXTERNAL264549,1,153.5
CUST49018307,EXTERNAL718485,1,3188.5
CUST49422387,CUST77188529,1,83
CUST49432995,CUST25189732,1,22
CUST49432995,EXTERNAL710786,1,549
CUST49527785,CUST44348689,1,4195
CUST49527785,EXTERNAL733654,1,3935
CUST49639272,EXTERNAL161775,1,1675
CUST49868626,CUST43421234,1,1884
CUST49868626,CUST86587232,1,3500
CUST49868626,EXTERNAL144275,1,1127
CUST49880853,CUST11546110,1,381
CUST50011630,CUST68555173,1,202
CUST50263807,CUST43421234,1,3038
CUST50298609,EXTERNAL688930,1,166
CUST50433174,CUST81654004,1,605.5
CUST50434152,CUST34502455,1,148
CUST50515276,CUST85135983,1,36
CUST50538854,CUST48662114,1,16
CUST50538854,CUST74056063,1,372
CUST50538854,EXTERNAL300472,1,102
CUST50538854,EXTERNAL970947,1,4830
CUST50574512,CUST58130513,1,1907.5
CUST51140769,CUST53830460,1,2807
CUST51140769,EXTERNAL429002,1,512
CUST51140769,EXTERNAL790916,1,16864
CUST51144440,CUST12344389,1,123
CUST51158654,CUST77188529,1,273
CUST51193749,CUST12694182,1,3948
CUST51238711,CUST60295518,1,120
CUST51245484,CUST85135983,1,3073
CUST51245484,CUST98752890,1,3885
CUST51245484,EXTERNAL477467,1,2597.5
CUST51245484,EXTERNAL996642,1,24750
CUST51272629,CUST78554577,1,2039.5
CUST51501732,CUST57212625,1,3
CUST51748072,CUST34251561,1,1514
CUST51774322,CUST32541301,1,2977.5
CUST51774322,CUST48233698,1,165
CUST51774322,EXTERNAL135610,1,4294
CUST51774322,EXTERNAL751137,1,3154.5
CUST51779153,CUST94918950,1,42494
CUST51967617,CUST39732579,1,2609.5
CUST52037713,CUST29725513,1,417
CUST52084911,CUST65133847,1,1125
CUST52084911,EXTERNAL688930,1,725
CUST52088777,CUST51794708,1,4422
CUST52088777,EXTERNAL113125,1,10331
CUST52269735,CUST63505111,1,1660
CUST52310666,CUST13567965,1,512
CUST52345666,CUST13567965,1,68.5
CUST52509482,EXTERNAL500377,1,48
CUST52563437,CUST28984415,1,222
CUST52642626,EXTERNAL600189,1,554
CUST52677795,CUST90346975,1,1002
CUST52682572,CUST84233333,1,41
CUST53042211,CUST17997346,1,288
CUST53065611,CUST28813703,1,0
CUST53069370,CUST21436537,1,3430
CUST53069370,CUST65630485,1,3485
CUST53254774,CUST26141961,1,970
CUST53638983,CUST96855426,1,12188.5
CUST53640452,CUST44217254,1,10075
CUST53655308,CUST39648535,1,5097
CUST53655690,EXTERNAL364167,1,90.5
CUST53732627,CUST87261752,1,47
CUST53823013,CUST69081517,1,95
CUST53833901,CUST50538854,1,26254
CUST53834711,CUST47437733,1,1
CUST54009858,CUST24434573,1,943.5
CUST54072312,EXTERNAL462083,1,1135
CUST54180173,CUST24660111,1,3946.5
CUST54180173,CUST39154143,1,1705
CUST54180173,CUST40748487,1,1520
CUST54180173,CUST75877351,1,1528
CUST54180173,CUST84769011,1,14774
CUST54409696,CUST44605894,1,471.5
CUST54409696,CUST49547303,1,486.5
CUST54432591,CUST31652369,1,360
CUST54519908,CUST93823788,1,840
CUST54570501,CUST75420416,1,988.5
CUST54570501,CUST90195396,1,9730
CUST54570501,EXTERNAL246667,1,7253.5
CUST54659009,CUST96868430,1,1013
CUST54674953,CUST84709973,1,6595
CUST54743885,CUST36025754,1,4380
CUST54743885,CUST83124299,1,4833
CUST54743885,CUST89137381,1,9838.5
CUST54922934,CUST31366173,1,259
CUST55126865,CUST99931838,1,5152
CUST55231543,EXTERNAL347878,1,80
CUST55246499,CUST29679797,1,3486
CUST55257702,CUST68147585,1,4
CUST55380106,CUST28434211,1,1873.5
CUST55386502,EXTERNAL303366,1,3527
CUST55408933,CUST50338284,1,689.5
CUST55502501,CUST13022889,1,1069
CUST55524461,CUST57964113,1,1076
CUST55524461,CUST69895799,1,806
CUST55533778,CUST11025700,1,558
CUST55714718,CUST29328610,1,74
CUST55731575,CUST99163899,1,205
CUST55738775,CUST14421422,1,470
CUST55739514,CUST73199995,1,3680
CUST55739514,CUST81232964,1,4802
CUST55739514,EXTERNAL531933,1,6244
CUST55962417,CUST81265791,1,290
CUST56131631,CUST24539383,1,7628.5
CUST56244992,CUST60295518,1,1432
CUST56385267,CUST76696612,1,1562
CUST56385267,EXTERNAL340858,1,1156
CUST56385267,EXTERNAL961472,1,1340
CUST56609239,CUST18080503,1,189
CUST56623631,CUST48233698,1,156
CUST56970594,CUST99931838,1,1360
CUST57138496,CUST37497310,1,23.5
CUST57206561,CUST87768326,1,2122
CUST57226627,CUST85304457,1,50
CUST57390831,CUST28899102,1,16.5
CUST57390831,EXTERNAL673813,1,1347
CUST57423939,EXTERNAL364167,1,4463
CUST57439795,CUST62850658,1,1
CUST57502402,CUST29725513,1,1163
CUST57858440,CUST73820131,1,2043
CUST57858440,EXTERNAL629352,1,3602
CUST57863683,EXTERNAL491334,1,12
CUST57913348,CUST20442883,1,1693
CUST58119686,CUST57853649,1,455.5
CUST58343335,CUST69473096,1,1310
CUST58361628,CUST44348689,1,412
CUST58398920,CUST21436537,1,4508
CUST58398920,CUST59735474,1,8649
CUST58398920,EXTERNAL396594,1,22116.5
CUST58398920,EXTERNAL994547,1,7618
CUST58589532,CUST63606829,1,53
CUST58697200,CUST94918950,1,1252
CUST58869098,CUST19913725,1,400
CUST58869098,CUST70005076,1,5355
CUST58869098,CUST83369288,1,7585.5
CUST58869098,EXTERNAL210297,1,16345
CUST58869098,EXTERNAL479407,1,7850
CUST58869098,EXTERNAL892143,1,13208.5
CUST59092486,CUST90679251,1,80
CUST59144610,CUST66492024,1,690
CUST59187176,CUST35475939,1,6598
CUST59187176,EXTERNAL390924,1,1770.5
CUST59197144,CUST71088646,1,204
CUST59261028,CUST39648535,1,184
CUST59294374,EXTERNAL717505,1,167.5
CUST59414481,CUST74327086,1,26
CUST59788196,CUST11025700,1,194
CUST59795263,CUST77258732,1,298.5
CUST60141047,CUST78293033,1,1630
CUST60168270,CUST85304457,1,1927
CUST60300024,CUST34756871,1,5069
CUST60307402,CUST47469087,1,1348
CUST60307402,CUST68808487,1,1337
CUST60307402,CUST70197988,1,1024.5
CUST60321618,CUST89202407,1,2904.5
CUST60356596,CUST49824186,1,1460
CUST60356596,CUST62850658,1,1235.5
CUST60356596,EXTERNAL128999,1,1251
CUST60452458,CUST17492750,1,122
CUST60507125,CUST30794018,1,6554
CUST60808804,CUST39216311,1,2731
CUST60829394,CUST89137381,1,2600
CUST60843765,CUST38742117,1,8832
CUST60843765,CUST39813987,1,2421
CUST60916516,CUST21436537,1,1754
CUST60945294,CUST74342992,1,2642
CUST60945294,EXTERNAL483111,1,3221
CUST60945294,EXTERNAL820808,1,4668
CUST60945294,EXTERNAL854495,1,6755
CUST60971728,CUST36183285,1,368.5
CUST61062194,EXTERNAL364167,1,4
CUST61158505,CUST92527761,1,19040.5
CUST61158505,EXTERNAL411604,1,128
CUST61214000,EXTERNAL694260,1,827
CUST61346417,CUST77650473,1,248.5
CUST61396432,CUST43421234,1,3361
CUST61447396,CUST79801194,1,1180
CUST61476178,CUST34756871,1,3164.5
CUST61479027,CUST31917982,1,238
CUST61622671,CUST19459381,1,982.5
CUST61622671,CUST30794018,1,1120
CUST61651362,CUST12586309,1,222.5
CUST61654760,CUST11240383,1,187
CUST61674877,CUST90227869,1,70.5
CUST61678957,CUST89794833,1,32
CUST61711170,CUST69473096,1,76
CUST61908087,CUST86281585,1,1600
CUST61908087,EXTERNAL629352,1,1531
CUST61908087,EXTERNAL971239,1,1114
CUST62220978,CUST17558574,1,1027.5
CUST62220978,CUST63131935,1,1101
CUST62220978,CUST78554577,1,1049
CUST62220978,EXTERNAL172995,1,45591
CUST62244628,CUST57964113,1,1002
CUST62312678,CUST29599066,1,50
CUST62438243,CUST97404838,1,2108
CUST62442374,EXTERNAL733654,1,584
CUST62628318,CUST77920458,1,332
CUST62735433,CUST94918950,1,999
CUST62762681,CUST13567965,1,3620
CUST62878936,CUST21530272,1,597.5
CUST62878936,CUST30914972,1,3256.5
CUST62878936,CUST45577461,1,3100
CUST62930495,CUST93823788,1,1016
CUST62971058,CUST69473096,1,1000
CUST62981181,CUST48804147,1,22020
CUST63137173,CUST90585792,1,1205
CUST63289826,EXTERNAL251130,1,780.5
CUST63299998,CUST13474320,1,340
CUST63448904,CUST70005385,1,20
CUST63455165,CUST77258732,2,2939
CUST63491991,CUST20406227,1,180
CUST63505111,CUST35358831,1,1264
CUST63505111,CUST74710771,1,200
CUST63505111,CUST92872028,1,945
CUST63578198,CUST30118522,1,3
CUST63767725,EXTERNAL629352,1,81
CUST63835634,CUST78554577,1,225
CUST63872445,CUST25290610,1,7448.5
CUST63929658,EXTERNAL279728,1,1941
CUST63930329,CUST22648922,1,1662
CUST63930329,EXTERNAL492710,1,230
CUST64032162,CUST28984415,1,31
CUST64088568,CUST32419908,1,1042
CUST64111087,CUST54570501,1,8330
CUST64200601,CUST68105048,1,329
CUST64213686,CUST56743935,1,71
CUST64219297,EXTERNAL743527,1,67.5
CUST64312034,CUST34502455,1,76
CUST64342485,CUST32283109,1,80
CUST64491020,CUST76493457,1,162
CUST64512116,CUST26958534,1,310
CUST64590256,CUST48470476,1,2411.5
CUST64590256,EXTERNAL710786,1,420
CUST64624094,CUST89273283,1,131.5
CUST64624573,CUST60295518,1,160
CUST64700778,CUST88436666,1,1652
CUST64719854,CUST51794708,1,182
CUST64733032,CUST33118710,1,13
CUST64762496,CUST69837875,1,1197
CUST64799887,CUST29679797,1,129.5
CUST64876356,CUST34251561,1,11304
CUST64876356,EXTERNAL279728,1,13008
CUST64876356,EXTERNAL461003,1,56.5
CUST64876356,EXTERNAL938577,1,39236
CUST64971417,CUST30794018,1,5095
CUST65065752,CUST60458062,1,58
CUST65138855,CUST54490370,1,116
CUST65259230,CUST48227096,1,352
CUST65438206,CUST31937466,1,640
CUST65438206,EXTERNAL845112,1,35030
CUST65482747,EXTERNAL660609,1,35591
CUST65627533,CUST67820573,1,1115
CUST65627533,CUST75233380,1,1542
CUST65627533,EXTERNAL289683,1,9067
CUST65697157,CUST14421422,1,1838
CUST65697157,CUST20442883,1,2210
CUST65697157,CUST67775829,1,2489.5
CUST65910095,CUST13316799,1,795
CUST65910095,CUST95392160,1,1662
CUST65942128,CUST67094114,1,120
CUST65969475,CUST75233380,1,427
CUST66055359,CUST83877426,1,2087.5
CUST66188409,CUST37497310,1,9530
CUST66234101,EXTERNAL435121,1,0
CUST66356997,CUST31299272,1,938
CUST66356997,CUST54719910,1,1220
CUST66582378,CUST49389828,1,385.5
CUST66655909,EXTERNAL938577,1,199
CUST66726821,CUST24061518,1,470
CUST66769630,CUST45577461,1,3266
CUST66769630,CUST90530430,1,2750
CUST66952515,CUST55074600,1,38
CUST66954808,CUST81232964,1,120
CUST67032027,CUST25290610,1,1253
CUST67032027,EXTERNAL531933,1,1320
CUST67032027,EXTERNAL948609,1,1862
CUST67205335,CUST22615097,1,70
CUST67276449,CUST29607910,1,760
CUST67285126,EXTERNAL451936,1,41580.5
CUST67285126,EXTERNAL637432,1,855
CUST67378168,EXTERNAL694260,1,11289
CUST67567860,CUST18277944,1,2470
CUST67567860,EXTERNAL364167,1,5203
CUST67679078,CUST41966919,1,700
CUST67725297,CUST62850658,1,1740
CUST67906626,CUST93823788,1,24
CUST67979496,CUST27812156,1,1412.5
CUST67979496,CUST54487434,1,4867
CUST67979496,CUST61286320,1,1219
CUST67979496,EXTERNAL394980,1,4388
CUST67980492,CUST89938830,1,1658
CUST68135795,CUST84769011,1,367.5
CUST68252263,CUST29607910,1,20
CUST68321842,CUST20643973,1,1119.5
CUST68321842,EXTERNAL626767,1,168.5
CUST68585930,CUST18826840,1,1629
CUST68585930,CUST29978579,1,1890
CUST68585930,CUST42572566,1,4016.5
CUST68585930,EXTERNAL286384,1,1100
CUST68585930,EXTERNAL977935,1,4130
CUST68658227,CUST28813703,1,100
CUST68663514,CUST72055524,1,93.5
CUST68831185,CUST72986894,1,110
CUST68851747,EXTERNAL646579,1,2270
CUST68908113,CUST21370266,1,21969.5
CUST68908113,CUST67391185,1,20074
CUST68908113,CUST73628539,1,4846
CUST68908113,CUST80429850,1,1158
CUST69228684,CUST19459381,1,174
CUST69285872,CUST73800248,1,211
CUST69538539,CUST82211624,1,759
CUST69552167,EXTERNAL323214,1,274
CUST69571150,EXTERNAL590333,1,4336
CUST69698590,CUST98184225,1,240
CUST69825409,CUST57312630,1,25
CUST69895799,CUST70977942,1,2435
CUST69926485,CUST69797278,1,1405
CUST69936684,CUST92872028,1,51
CUST70009680,CUST56743898,1,530
CUST70058330,EXTERNAL659042,1,5377
CUST70114786,CUST93823788,1,87
CUST70152499,CUST34297984,1,13427.5
CUST70152499,CUST57153721,1,1842
CUST70152499,EXTERNAL846771,1,1267
CUST70275199,CUST33059790,1,4037.5
CUST70275199,CUST36183285,1,1290
CUST70275199,CUST41966919,1,1141.5
CUST70404941,CUST99281574,1,368
CUST70463049,CUST72239801,1,2050
CUST70511954,CUST32283109,1,63.5
CUST70690318,EXTERNAL656875,1,2852
CUST70713035,EXTERNAL364167,1,4052.5
CUST70748820,CUST31374725,1,2805
CUST70888325,CUST80923417,1,1743
CUST70977942,CUST18385502,1,559.5
CUST70977942,CUST31937466,1,1798
CUST70977942,CUST89137381,1,9740
CUST70977942,EXTERNAL588669,2,43735
CUST70977942,EXTERNAL623068,1,39449
CUST70977942,EXTERNAL960998,1,20.5
CUST71021041,CUST99442802,1,1080
CUST71107394,CUST24539383,1,1195
CUST71107394,CUST35475939,1,1305
CUST71413812,CUST67742861,1,1600
CUST71413812,EXTERNAL135838,1,1730.5
CUST71430847,CUST53185470,1,4900
CUST71490729,CUST47487327,1,39
CUST71548981,CUST18080503,1,1370
CUST71858719,CUST54353517,1,2684
CUST72078362,CUST95207491,1,9.5
CUST72111125,CUST99442802,1,24
CUST72461156,EXTERNAL629352,1,128.5
CUST72487363,CUST47487327,1,2343
CUST72487363,EXTERNAL436781,1,4560
CUST72984651,CUST60941829,1,38
CUST72984651,CUST79908068,1,1344.5
CUST73030156,CUST99654164,1,232
CUST73075968,CUST98262263,1,240
CUST73079564,EXTERNAL453310,1,1725
CUST73201681,CUST30749905,1,171
CUST73247499,CUST13474320,1,92
CUST73251286,CUST92733696,1,2515
CUST73352007,CUST35875963,1,1461
CUST73448309,CUST92232880,1,1651
CUST73457399,CUST24623825,1,3589
CUST73457399,CUST44171874,1,395
CUST73457399,CUST62878936,1,3380
CUST73457399,CUST68555173,1,241.5
CUST73457399,CUST77951380,1,160
CUST73457399,CUST87779877,1,5128
CUST73457399,EXTERNAL766759,1,442
CUST73504284,CUST34251561,1,660
CUST73504284,EXTERNAL601914,1,45700
CUST73508245,CUST99931838,1,344.5
CUST73540042,EXTERNAL429002,1,342
CUST73647827,CUST26958534,1,560
CUST73659902,CUST89202407,1,288
CUST73670231,CUST48233698,1,150
CUST73670231,EXTERNAL463628,1,1051
CUST73670231,EXTERNAL868004,1,6314
CUST73670231,EXTERNAL947135,1,2669.5
CUST73707963,CUST29599066,1,1954
CUST73707963,CUST45674350,1,4168
CUST73707963,EXTERNAL728359,1,171.5
CUST73721706,CUST67094114,1,2
CUST74168240,CUST29599066,1,168
CUST74250810,EXTERNAL462083,1,5320
CUST74437186,CUST40709755,1,4350
CUST74469299,CUST53185470,1,5019.5
CUST74479838,CUST93669479,1,5174.5
CUST75094018,EXTERNAL964124,1,272
CUST75109288,CUST29978579,1,1609
CUST75312752,CUST25697455,1,698.5
CUST75406604,CUST87731042,1,5768
CUST75429953,CUST11025700,1,357
CUST75429953,CUST29156003,1,3331
CUST75429953,EXTERNAL195770,1,445.5
CUST75463821,EXTERNAL428419,1,106
CUST75508912,CUST39791936,1,100.5
CUST75523166,CUST48804147,1,394
CUST75583375,CUST89312065,1,107
CUST75583375,EXTERNAL320135,1,4770
CUST75607945,CUST11652307,1,3816
CUST75609615,CUST43824866,1,70.5
CUST75633742,CUST18010577,1,244
CUST75683723,EXTERNAL995241,1,60
CUST75717553,CUST70236467,1,442
CUST75719513,CUST38043470,1,130
CUST75738630,CUST15503361,1,1045
CUST75744223,CUST29156003,2,4226
CUST75776513,CUST57288936,1,314
CUST75776513,EXTERNAL175594,1,3293
CUST75815916,CUST24889770,1,823
CUST75879064,CUST85304457,1,25
CUST76082816,CUST14587276,1,12630
CUST76082816,CUST18923900,1,91324
CUST76082816,CUST53118934,1,591
CUST76082816,CUST67946529,1,5170
CUST76082816,CUST72402080,1,91568
CUST76082816,CUST73333517,1,8070
CUST76082816,EXTERNAL555295,1,24805
CUST76082816,EXTERNAL631948,1,11795
CUST76082816,EXTERNAL909473,1,102027
CUST76097535,CUST14536496,1,104
CUST76097535,EXTERNAL428419,1,1247
CUST76258779,CUST88436666,1,98
CUST76456669,CUST54606598,1,37.5
CUST76469825,CUST40703038,1,2425
CUST76469825,CUST49442340,1,11960
CUST76469825,CUST57288936,1,11362
CUST76469825,EXTERNAL256466,1,11228
CUST76469825,EXTERNAL368915,1,1054
CUST76492569,EXTERNAL279728,1,480
CUST76809939,CUST81654004,1,3163
CUST76863561,CUST13474320,1,12046
CUST76863561,CUST30319185,1,8710
CUST76863561,CUST57754928,1,10682.5
CUST76863561,EXTERNAL563551,1,31325
CUST76876494,CUST39791936,1,291
CUST77188529,CUST97142755,1,1692
CUST77419096,EXTERNAL428419,1,1612.5
CUST77488030,CUST84709973,1,850
CUST77502131,CUST33529344,1,2
CUST77650473,EXTERNAL626767,1,210
CUST77650473,EXTERNAL907939,1,4576
CUST77650473,EXTERNAL973572,1,343
CUST78136383,CUST62878936,1,1500
CUST78382574,CUST19521712,1,125
CUST78382574,CUST58839776,1,3807
CUST78382574,CUST80816116,1,1472
CUST78382574,EXTERNAL448706,1,3074
CUST78382574,EXTERNAL822221,1,17717
CUST78387093,CUST69797278,1,82
CUST78405800,CUST31299272,1,5905
CUST78405800,CUST31374725,1,7120
CUST78405800,CUST92232880,1,1062
CUST78405800,CUST95207491,1,1852.5
CUST78516455,CUST22575999,1,1943
CUST78540515,CUST80669678,1,172.5
CUST78571575,CUST16387074,1,3857
CUST78571575,CUST33059790,1,4020.5
CUST78571575,EXTERNAL656875,1,4920
CUST78616283,CUST22575999,1,2981
CUST78616283,CUST33707167,1,3486
CUST78616283,CUST70977942,1,2003
CUST78616283,CUST92888820,1,2585
CUST78616283,EXTERNAL743527,1,2808
CUST78749858,CUST29156003,1,1621
CUST78749858,CUST54570501,1,2420
CUST78845624,CUST19459381,1,18288
CUST78875111,CUST87727321,1,205
CUST78897393,CUST31652369,1,1943
CUST78917162,CUST81265791,1,158
CUST78952836,CUST39791936,1,1302
CUST78952836,EXTERNAL651922,1,9959.5
CUST78993896,CUST96855426,1,320
CUST79176946,EXTERNAL519922,1,3382
CUST79294982,CUST67775829,1,7074
CUST79638782,CUST29978579,1,799
CUST79806622,CUST85302937,1,2992
CUST80174234,EXTERNAL783366,1,10
CUST80174234,EXTERNAL785554,1,44229.5
CUST80174234,EXTERNAL823888,1,660
CUST80372328,CUST19988152,1,2596
CUST80457722,EXTERNAL659042,1,1700
CUST80458932,EXTERNAL344917,1,1770
CUST80816116,CUST28899102,1,696
CUST80835515,CUST39979987,1,1915
CUST80835515,CUST50338284,1,8513.5
CUST80835515,CUST73886658,1,2755
CUST80835515,EXTERNAL894495,1,18364
CUST80924419,CUST64222586,1,5227
CUST81012668,CUST48227096,1,2522
CUST81064890,CUST19988152,1,4763
CUST81064890,CUST47437733,1,736
CUST81064890,CUST90227869,1,4400
CUST81064890,EXTERNAL264549,1,3463
CUST81120051,CUST30794018,1,5577.5
CUST81147308,CUST25476094,1,1754
CUST81147308,CUST80669678,1,4880
CUST81199024,CUST39813987,1,456.5
CUST81417024,CUST35358831,1,1415.5
CUST81417024,CUST66680015,1,3395.5
CUST81417024,CUST71612496,1,3071
CUST81538491,CUST89733037,1,1232.5
CUST81777790,CUST45674350,1,16
CUST81888812,CUST33707167,1,1710
CUST81901840,EXTERNAL718485,1,22.5
CUST81936966,CUST43421234,1,134
CUST82072417,CUST44348689,1,411
CUST82108688,CUST28125890,1,453
CUST82116037,EXTERNAL552039,1,2384
CUST82116037,EXTERNAL985690,1,2630
CUST82137275,EXTERNAL364167,1,327
CUST82170120,CUST89733037,1,10598
CUST82364336,CUST57288936,1,174.5
CUST82505468,CUST67581396,1,8183
CUST82505468,CUST78431318,1,1056
CUST82505468,CUST81886933,1,1360
CUST82505468,EXTERNAL587256,1,1880.5
CUST82557257,EXTERNAL373224,1,590
CUST82596519,CUST85304457,1,2112
CUST82764700,CUST89733037,1,566
CUST82819308,CUST48227096,1,70
CUST82831388,CUST38131074,1,2770
CUST82945876,CUST15182071,1,2359
CUST82945876,EXTERNAL351917,1,19951
CUST82958519,CUST83256896,1,10
CUST83075978,CUST18385502,1,54
CUST83145979,EXTERNAL714488,1,162
CUST83179230,CUST47437733,1,762
CUST83207566,CUST24564765,1,150
CUST83511562,EXTERNAL320577,1,1575
CUST83511562,EXTERNAL604927,1,25
CUST83511562,EXTERNAL642020,1,6010.5
CUST83511562,EXTERNAL935464,1,3307
CUST83553051,EXTERNAL161775,1,100.5
CUST83582937,CUST29328610,1,28378
CUST83672431,CUST22358116,1,1424
CUST83672431,CUST28411970,1,691
CUST83672431,EXTERNAL784760,1,35084
CUST83957107,CUST92733696,1,1659
CUST84148408,CUST15263551,1,5512
CUST84148408,CUST21549097,1,1232
CUST84148408,CUST67559492,1,5875
CUST84148408,EXTERNAL368915,1,1009.5
CUST84343547,CUST47487327,1,451.5
CUST84427097,EXTERNAL161775,1,372
CUST84610566,CUST69797278,1,28
CUST84618280,CUST49561640,1,19.5
CUST84618280,CUST50538854,1,32
CUST84766808,CUST64222586,1,1806
CUST84769011,CUST43422083,1,4138
CUST84790356,CUST84233333,1,4
CUST84926966,CUST24434573,1,941.5
CUST84961530,EXTERNAL178145,1,440.5
CUST85062155,EXTERNAL515619,1,653
CUST85081048,CUST68297791,1,1638.5
CUST85086565,EXTERNAL996642,1,33518
CUST85183142,CUST18385502,1,825.5
CUST85183142,CUST37335333,1,2997
CUST85183142,EXTERNAL203764,1,9040
CUST85270958,EXTERNAL733654,1,741
CUST85551674,CUST18305864,1,3908
CUST85551674,CUST91277769,1,1982
CUST85551674,CUST92872028,1,717
CUST85551674,EXTERNAL137192,1,1996.5
CUST85585402,EXTERNAL637523,1,887
CUST85592028,CUST60295518,1,1646
CUST85601056,CUST19045186,1,241
CUST85769551,CUST13567965,1,1824.5
CUST85769551,CUST33059790,2,7014
CUST85769551,CUST47469087,1,1080
CUST85769551,CUST63505111,1,1395
CUST85769551,EXTERNAL429002,1,265
CUST85769551,EXTERNAL474208,1,1951.5
CUST85918071,CUST18010577,1,545
CUST86038874,CUST55005800,1,74
CUST86178380,CUST89938830,1,800
CUST86249244,CUST79272838,1,1448.5
CUST86249244,EXTERNAL623068,1,1054
CUST86542078,CUST81265791,1,100
CUST86587232,CUST57312630,1,27
CUST86587232,EXTERNAL413952,1,4.5
CUST86591848,CUST54570501,1,282
CUST86806558,CUST34502455,1,2652.5
CUST87004445,EXTERNAL995241,1,1028
CUST87088153,CUST52984491,1,1187.5
CUST87088153,CUST87779877,1,3754
CUST87202977,CUST24564765,1,1103
CUST87293186,CUST17098365,1,2516
CUST87442898,CUST56534072,1,1130
CUST87448990,EXTERNAL769455,1,48705
CUST87536772,CUST99163899,1,1175
CUST87601743,CUST47035199,1,125.5
CUST87779877,CUST48233698,1,110
CUST87779877,CUST62260959,1,79.5
CUST87779877,CUST78554577,1,2618
CUST87779877,EXTERNAL218562,1,4014.5
CUST87779877,EXTERNAL268698,1,344
CUST87816238,CUST57312630,1,28
CUST87991663,CUST68521518,1,530
CUST88202891,CUST93823788,1,15
CUST88358966,EXTERNAL718485,1,68.5
CUST88375247,CUST18080503,1,238
CUST88666731,CUST55005800,1,272
CUST88742195,CUST29156003,1,3553
CUST88742195,CUST48935248,1,178
CUST88742195,EXTERNAL323214,1,1942
CUST88746945,CUST24434573,1,1116
CUST88797445,CUST44909054,1,379.5
CUST88970725,CUST90585792,1,126
CUST89137381,CUST22695181,1,868
CUST89137381,CUST67812121,1,200
CUST89137381,CUST81654004,1,3996
CUST89137381,EXTERNAL677037,1,578
CUST89180016,CUST47437733,1,526
CUST89183795,CUST48256664,1,0
CUST89201210,CUST22615097,1,84
CUST89201210,EXTERNAL418764,1,2411
CUST89385042,CUST28899102,1,520
CUST89432953,CUST25290610,1,19906
CUST89807452,EXTERNAL373224,1,32
CUST89838718,CUST15503361,2,24475.5
CUST89868512,CUST38131074,1,633.5
CUST89878873,EXTERNAL428419,1,176.5
CUST89894016,CUST95392160,1,1150
CUST89915552,CUST48935248,1,103
CUST89933886,CUST70977942,1,2156
CUST89933886,EXTERNAL295923,1,1815
CUST89933886,EXTERNAL976454,1,2254
CUST89955549,CUST82921884,1,10024.5
CUST89955549,EXTERNAL163682,1,30101
CUST89955549,EXTERNAL277763,1,19748.5
CUST89955549,EXTERNAL734994,1,1900
CUST90001364,CUST28899102,1,501
CUST90082596,CUST50875210,1,2603.5
CUST90094313,EXTERNAL626767,1,198
CUST90295739,CUST28453984,1,3795
CUST90295739,CUST53103922,1,1804
CUST90295739,CUST73457399,1,3777
CUST90319384,CUST19459381,1,94.5
CUST90319384,EXTERNAL655093,1,5420
CUST90380110,EXTERNAL483111,1,1715.5
CUST90455612,CUST16968541,1,1800
CUST90455612,CUST19744784,1,1385
CUST90455612,CUST33005094,1,2665
CUST90455612,EXTERNAL460425,1,1700
CUST90501518,CUST69837875,1,219
CUST90691249,CUST11025700,1,1983.5
CUST90691309,CUST93823788,1,592.5
CUST90725043,CUST56534072,1,309
CUST90868766,CUST16122141,1,213.5
CUST90940269,CUST47487327,1,1982
CUST90942880,CUST11240383,1,221
CUST90944243,CUST19045186,1,1685
CUST90944243,CUST89733037,1,1044.5
CUST90944243,EXTERNAL110639,1,1000
CUST90947322,CUST77650473,1,1427.5
CUST90947322,EXTERNAL471527,1,1290
CUST90977904,CUST64546436,1,5922
CUST91024272,CUST14202902,1,1125
CUST91024272,CUST80637251,1,1191
CUST91024272,EXTERNAL268698,1,327
CUST91024272,EXTERNAL599011,1,1286
CUST91140716,CUST25290610,1,348
CUST91156693,CUST22695181,1,1465
CUST91350071,CUST55614695,1,1440
CUST91379645,CUST71482189,1,1920
CUST91414059,CUST47238196,1,1960
CUST91414059,CUST48935248,1,281
CUST91414059,EXTERNAL214718,1,2015
CUST91414059,EXTERNAL603161,1,1074
CUST91414059,EXTERNAL891945,1,1648
CUST91633011,CUST34756871,1,1685
CUST91716472,CUST50875210,1,4143
CUST91832922,CUST78293033,1,185.5
CUST91988709,CUST67094114,1,695
CUST92215365,CUST41274277,1,383.5
CUST92738141,CUST21142837,1,349.5
CUST92741397,CUST87779877,1,234
CUST93058067,EXTERNAL519922,1,112
CUST93069200,CUST23419675,1,269
CUST93171918,CUST58141643,1,17056
CUST93401441,CUST16155971,1,1576.5
CUST93401441,CUST61286320,1,2000
CUST93401441,EXTERNAL233236,1,1897
CUST93542575,CUST39070172,1,2086
CUST93542575,CUST77258732,1,1270
CUST93614811,CUST87261752,1,290
CUST93675258,CUST47487327,1,2128
CUST93690297,CUST18277944,1,2340
CUST93690297,CUST93300931,1,4758
CUST93697369,CUST55005800,1,1870
CUST93857279,CUST55005800,1,4260
CUST93932930,CUST90227869,1,3225
CUST93992810,CUST98752890,1,166.5
CUST93992810,EXTERNAL387020,1,11465
CUST94111000,CUST47110564,1,290
CUST94218603,CUST32283109,1,1990
CUST94249415,EXTERNAL161775,1,2546
CUST94362262,CUST54405614,1,1252
CUST94362262,CUST76796522,1,2740
CUST94362262,EXTERNAL491334,1,428.5
CUST94362384,CUST25290610,1,1007
CUST94401179,CUST70977942,1,3104.5
CUST94650007,CUST78554577,1,200
CUST94694482,CUST11240383,1,224
CUST94736225,CUST13474320,1,119
CUST94905237,CUST39813987,1,2309
CUST95375145,CUST31917982,1,84
CUST95587160,EXTERNAL964124,1,33443.5
CUST95706352,CUST28295610,1,8
CUST95757658,EXTERNAL218562,1,4718
CUST95757658,EXTERNAL913249,1,2997
CUST95757658,EXTERNAL919989,1,1880.5
CUST95907549,CUST20442883,1,77
CUST95912692,CUST35740537,1,65.5
CUST95914991,CUST38966266,1,1026
CUST96087327,CUST87635633,1,141.5
CUST96165879,CUST64623065,1,300
CUST96201122,CUST64222586,1,5142
CUST96275680,CUST27709927,1,2487
CUST96415364,CUST89137381,1,2573
CUST96561084,CUST24539383,1,622.5
CUST96633928,CUST54606598,1,197
CUST96639826,CUST87727321,1,6372
CUST96645613,CUST24539383,1,2406
CUST96661303,EXTERNAL995241,1,5194
CUST96968719,EXTERNAL363105,1,23545
CUST96996451,EXTERNAL368915,1,23
CUST97051862,CUST64222586,1,896.5
CUST97079668,CUST39791936,1,104.5
CUST97079668,EXTERNAL257199,1,5661
CUST97717097,CUST29328610,1,462.5
CUST97719636,CUST35875963,1,28
CUST97962618,CUST12344389,1,1982.5
CUST97974328,CUST21142837,1,358.5
CUST97974328,EXTERNAL974460,1,4335
CUST97979052,CUST76493457,1,4351
CUST98063697,CUST70177998,1,653
CUST98196915,CUST47487327,1,2327
CUST98196915,CUST57509750,1,3315
CUST98196915,EXTERNAL279192,1,1234
CUST98252322,EXTERNAL646579,1,2350
CUST98262263,CUST50810697,1,76.5
CUST98262263,EXTERNAL453310,1,6044.5
CUST98262263,EXTERNAL483111,1,2144
CUST98262263,EXTERNAL717505,1,3830.5
CUST98262263,EXTERNAL969368,1,2381.5
CUST98368862,EXTERNAL970947,1,5253
CUST98437567,CUST88436666,1,105
CUST98453642,EXTERNAL659042,1,141
CUST98693116,CUST22575999,1,354
CUST98731195,EXTERNAL646579,1,1164
CUST98751418,CUST56743898,1,1443
CUST98751418,CUST79138251,1,1260
CUST98751418,CUST99163899,1,1517
CUST98751418,EXTERNAL977626,1,1550
CUST98752890,CUST55470941,1,3609
CUST98825753,CUST98262263,1,1385
CUST98825753,EXTERNAL166442,1,4240
CUST98840303,CUST31304165,1,3806
CUST98903556,CUST47437733,1,1220
CUST99054324,CUST77188529,1,159
CUST99163899,CUST32283109,1,2700
CUST99163899,CUST80429850,1,800
CUST99163899,EXTERNAL239377,1,656
CUST99499701,EXTERNAL161775,1,4577
CUST99559288,CUST93823788,1,6843
CUST99774645,CUST13316799,1,416
CUST99834514,CUST38619845,1,75
CUST99853257,CUST28453984,1,54
EXTERNAL100877,CUST83124299,1,1478.5
EXTERNAL102170,CUST48804147,1,1297
EXTERNAL103302,CUST15182071,1,1965
EXTERNAL106313,CUST46447625,1,493.5
EXTERNAL106445,CUST24889770,1,96.5
EXTERNAL106457,CUST19791581,1,810
EXTERNAL106457,CUST72055524,1,1000
EXTERNAL106457,CUST78803542,1,1120
EXTERNAL106732,CUST48478896,1,8054
EXTERNAL106732,CUST73810538,1,9097
EXTERNAL106732,CUST76469825,1,5812
EXTERNAL108979,CUST83256896,1,392
EXTERNAL109375,CUST39648535,1,1298
EXTERNAL112014,CUST62850658,1,1200
EXTERNAL112182,CUST29978579,1,13
EXTERNAL113453,CUST55074600,1,2066
EXTERNAL113708,CUST43422083,1,575
EXTERNAL114379,CUST53103922,1,484
EXTERNAL114943,CUST32417932,1,1450
EXTERNAL115117,CUST44348689,1,4414
EXTERNAL115117,CUST72239801,1,1932
EXTERNAL115428,CUST13311146,1,1370
EXTERNAL115428,CUST45674350,1,3848
EXTERNAL115428,CUST81265791,1,5150
EXTERNAL117762,CUST10198185,1,1102
EXTERNAL117762,CUST18541723,1,1200
EXTERNAL117762,CUST68555173,1,163.5
EXTERNAL118826,CUST96868430,1,18120
EXTERNAL120518,CUST54719910,1,54
EXTERNAL123905,CUST77920458,1,403.5
EXTERNAL124242,CUST49561640,1,3049.5
EXTERNAL125821,CUST82211624,1,382
EXTERNAL129581,CUST32283109,1,2735
EXTERNAL129581,CUST71870482,1,19815
EXTERNAL131589,CUST95701952,1,950
EXTERNAL132759,CUST27709927,1,1446
EXTERNAL137311,CUST87731042,1,11258
EXTERNAL138035,CUST85135983,1,1950
EXTERNAL138852,CUST20720661,1,240
EXTERNAL139781,CUST78803542,1,1242.5
EXTERNAL140181,CUST38966266,1,1086
EXTERNAL140181,CUST54631251,1,5280
EXTERNAL140181,CUST64222586,1,4593.5
EXTERNAL140181,CUST85769551,1,5602.5
EXTERNAL140181,CUST99931838,1,4230.5
EXTERNAL140302,CUST29002962,1,3565
EXTERNAL140302,CUST64822021,1,5073
EXTERNAL140302,CUST69685331,1,595
EXTERNAL143720,CUST82921884,1,55
EXTERNAL144664,CUST72856637,1,54
EXTERNAL144748,CUST68147585,1,2320
EXTERNAL144908,CUST47487327,1,2012
EXTERNAL144908,CUST70653294,1,4970
EXTERNAL144908,CUST93799394,1,2651
EXTERNAL147495,CUST46447625,1,28500
EXTERNAL148661,CUST73810538,1,65
EXTERNAL149830,CUST60843765,1,1941
EXTERNAL149830,CUST84769011,1,1816
EXTERNAL150167,CUST69837875,1,1432
EXTERNAL150532,CUST30794018,1,6
EXTERNAL151166,CUST76696612,1,290
EXTERNAL152078,CUST33059790,1,7893
EXTERNAL152078,CUST71482189,1,5240
EXTERNAL152078,CUST93823788,1,9349.5
EXTERNAL152355,CUST49547303,1,32.5
EXTERNAL152847,CUST84769011,1,1368
EXTERNAL152847,CUST87958571,1,1903.5
EXTERNAL155867,CUST17997346,1,300.5
EXTERNAL155867,CUST29837239,1,8302
EXTERNAL157116,CUST11870841,1,11740
EXTERNAL157116,CUST72986894,1,17230
EXTERNAL158094,CUST78803542,1,1780
EXTERNAL158755,CUST24539383,1,3689
EXTERNAL160928,CUST51794708,1,5046
EXTERNAL161775,CUST14822069,1,43
EXTERNAL161775,CUST24061518,1,440
EXTERNAL161775,CUST29978579,1,1514.5
EXTERNAL161775,CUST99066839,1,212
EXTERNAL163109,CUST20720661,1,76
EXTERNAL163291,CUST34756871,1,4334
EXTERNAL167196,CUST60941829,1,40
EXTERNAL167466,CUST64623065,1,417
EXTERNAL169195,CUST26141961,1,4064
EXTERNAL169277,CUST28074411,1,207
EXTERNAL171367,CUST57509750,1,2989.5
EXTERNAL171367,CUST57948205,1,1137
EXTERNAL171367,CUST68105048,1,240
EXTERNAL171576,CUST11025700,1,20994
EXTERNAL171576,CUST39359937,1,34506
EXTERNAL171576,CUST62363548,1,47044
EXTERNAL172295,CUST55464304,1,10
EXTERNAL175455,CUST72239801,1,2304
EXTERNAL176084,CUST54606598,1,2145
EXTERNAL176112,CUST29328610,1,29950
EXTERNAL176917,CUST25100749,1,192.5
EXTERNAL177793,CUST77188529,1,756
EXTERNAL178940,CUST11546110,1,892.5
EXTERNAL179117,CUST87731042,1,170
EXTERNAL179418,CUST47474589,1,1006
EXTERNAL179418,CUST68521518,1,715
EXTERNAL179863,CUST28984415,1,1226
EXTERNAL179863,CUST48804147,1,1170
EXTERNAL179863,CUST54570501,1,1228
EXTERNAL179863,CUST68297791,1,1280
EXTERNAL179942,CUST39216311,1,6552
EXTERNAL180938,CUST74327086,1,468.5
EXTERNAL181426,CUST23484521,1,1074
EXTERNAL181426,CUST63964312,1,1336.5
EXTERNAL181426,CUST89141759,1,1538
EXTERNAL181426,CUST94009817,1,1160
EXTERNAL182880,CUST80923417,1,1536
EXTERNAL184025,CUST54353517,1,54
EXTERNAL190028,CUST55074600,1,301
EXTERNAL192150,CUST51794708,1,58
EXTERNAL192854,CUST11652307,1,2309.5
EXTERNAL193590,CUST50875210,1,2070
EXTERNAL194154,CUST18405111,1,1038
EXTERNAL194154,CUST21530272,1,40604
EXTERNAL194154,CUST64704109,1,1374
EXTERNAL196864,CUST49561640,1,238
EXTERNAL197476,CUST63505111,1,1208
EXTERNAL198042,CUST87731042,1,187
EXTERNAL198145,CUST99931838,1,4006
EXTERNAL198222,CUST89312065,1,545
EXTERNAL198315,CUST85769551,1,1035
EXTERNAL199038,CUST50338284,1,317
EXTERNAL201264,CUST36025754,1,1224
EXTERNAL202227,CUST79801194,1,14884.5
EXTERNAL202237,CUST18851796,1,5129
EXTERNAL202237,CUST70671425,1,10026
EXTERNAL202510,CUST18080503,1,65
EXTERNAL202987,CUST50875210,1,1029.5
EXTERNAL204137,CUST25216525,1,1266.5
EXTERNAL205227,CUST73457399,1,162
EXTERNAL206136,CUST53185470,1,28879
EXTERNAL206136,CUST70977942,2,16426
EXTERNAL206136,CUST87731042,1,22486
EXTERNAL207793,CUST76469825,1,8850
EXTERNAL207793,CUST92733696,1,5857
EXTERNAL209122,CUST44909054,1,28162
EXTERNAL209286,CUST89141759,1,3123
EXTERNAL211403,CUST24623825,1,1000
EXTERNAL212410,CUST31652369,1,107
EXTERNAL212417,CUST90585792,1,1273
EXTERNAL213972,CUST34756871,1,101
EXTERNAL214288,CUST42806651,1,4099
EXTERNAL214288,CUST70977942,1,4005
EXTERNAL216114,CUST47469087,1,292
EXTERNAL216321,CUST32838242,1,248
EXTERNAL218362,CUST18277944,1,1493
EXTERNAL218407,CUST64222586,1,5671
EXTERNAL219139,CUST38966266,1,256
EXTERNAL220643,CUST81265791,1,24008
EXTERNAL221411,CUST81232964,1,74
EXTERNAL223243,CUST64222586,1,2422
EXTERNAL224423,CUST43422083,1,2088
EXTERNAL225896,CUST73457399,1,77
EXTERNAL228323,CUST33118710,1,150
EXTERNAL228489,CUST11546110,1,1014
EXTERNAL228489,CUST20442883,1,1528
EXTERNAL228522,CUST26141961,1,1667
EXTERNAL230685,CUST13474320,1,690
EXTERNAL231807,CUST90227869,1,2652
EXTERNAL231991,CUST96868430,1,1705
EXTERNAL232046,CUST30749905,1,176.5
EXTERNAL232881,CUST84233333,1,1625.5
EXTERNAL234388,CUST28797217,1,1884
EXTERNAL234388,CUST71036337,1,12842.5
EXTERNAL234388,CUST75233380,1,3175
EXTERNAL234966,CUST33707167,1,1700
EXTERNAL237250,CUST18277944,1,3168
EXTERNAL239796,CUST13567965,1,31
EXTERNAL239796,CUST38966266,1,41
EXTERNAL239819,CUST54719910,1,33.5
EXTERNAL240786,CUST68297791,1,9048.5
EXTERNAL241393,CUST25216525,1,95
EXTERNAL242653,CUST24061518,1,602
EXTERNAL242653,CUST36061217,1,7658.5
EXTERNAL246616,CUST23419675,1,314
EXTERNAL246616,CUST81320095,1,6535
EXTERNAL246616,CUST89007462,1,13257.5
EXTERNAL247127,CUST35740537,1,2019
EXTERNAL248256,CUST69473096,1,1543
EXTERNAL248256,CUST70977942,1,4243.5
EXTERNAL249445,CUST87727321,1,916.5
EXTERNAL252574,CUST13567965,1,1043
EXTERNAL253910,CUST79138251,1,12743.5
EXTERNAL256010,CUST93823788,1,4600.5
EXTERNAL256025,CUST10543571,1,2456.5
EXTERNAL257419,CUST33118710,1,1204
EXTERNAL259322,CUST11652307,1,20
EXTERNAL262412,CUST94577407,1,414
EXTERNAL262559,CUST87779877,1,1475
EXTERNAL262930,CUST50237501,1,297
EXTERNAL263408,CUST96868430,1,1500
EXTERNAL264989,CUST75213349,1,58075
EXTERNAL265097,CUST34756871,1,3420
EXTERNAL265550,CUST89244379,1,1170
EXTERNAL265823,CUST73457399,1,5373
EXTERNAL266226,CUST66327417,1,5530
EXTERNAL267361,CUST31299272,1,181
EXTERNAL268143,CUST13022889,1,4195
EXTERNAL269988,CUST41966919,1,88.5
EXTERNAL270439,CUST18385502,1,835
EXTERNAL270439,CUST34027009,1,1001.5
EXTERNAL270439,CUST81478085,1,3460.5
EXTERNAL270439,CUST91758075,1,2334
EXTERNAL272373,CUST23441523,1,1900
EXTERNAL272373,CUST33550411,1,63620
EXTERNAL272373,CUST45577461,1,3026
EXTERNAL272569,CUST78382574,1,364
EXTERNAL273233,CUST28125890,1,27.5
EXTERNAL274102,CUST60458062,1,386
EXTERNAL274102,CUST80751103,1,2747
EXTERNAL274431,CUST78381392,1,1883.5
EXTERNAL278353,CUST14302397,1,231
EXTERNAL278353,CUST44217254,1,14746.5
EXTERNAL278353,CUST55074600,1,4866
EXTERNAL278353,CUST85304457,1,14880
EXTERNAL278353,CUST87768326,1,1526
EXTERNAL278770,CUST95392160,1,1900
EXTERNAL282305,CUST17253514,1,7200
EXTERNAL282305,CUST68105048,1,11675.5
EXTERNAL282310,CUST28125890,1,4977
EXTERNAL282310,CUST39216311,1,7847
EXTERNAL282310,CUST56773716,1,9722.5
EXTERNAL285165,CUST60941829,1,20
EXTERNAL285320,CUST27709927,1,1078
EXTERNAL285627,CUST43421234,1,40
EXTERNAL286585,CUST13022889,1,5282.5
EXTERNAL286885,CUST14902917,1,286
EXTERNAL286885,CUST82014593,1,1180
EXTERNAL287256,CUST35875963,1,1758
EXTERNAL287256,CUST57853649,1,9766.5
EXTERNAL287256,CUST78381392,1,3720
EXTERNAL287256,CUST90921813,1,2005
EXTERNAL288097,CUST14902917,1,350
EXTERNAL288097,CUST90108557,1,1167.5
EXTERNAL289207,CUST12724050,1,148.5
EXTERNAL291214,CUST19988152,1,4
EXTERNAL291945,CUST79138251,1,36520
EXTERNAL291990,CUST12586309,1,251
EXTERNAL295048,CUST49389828,1,306
EXTERNAL297656,CUST32283109,1,4332.5
EXTERNAL298447,CUST80923417,1,41.5
EXTERNAL301604,CUST96868430,1,168
EXTERNAL301800,CUST49561640,1,24
EXTERNAL302617,CUST57659848,1,5950
EXTERNAL302617,CUST82211624,1,4694.5
EXTERNAL302851,CUST38094022,1,242
EXTERNAL304101,CUST30794018,1,276
EXTERNAL304204,CUST85302937,1,4480
EXTERNAL304269,CUST25216525,1,24
EXTERNAL304692,CUST11652307,1,2909.5
EXTERNAL304692,CUST28240285,1,10474
EXTERNAL304692,CUST29725513,1,1802
EXTERNAL304692,CUST35740537,1,1778
EXTERNAL304692,CUST35877675,1,4274.5
EXTERNAL304692,CUST63606829,1,19514
EXTERNAL304692,CUST86422958,1,7066
EXTERNAL305369,CUST88436666,1,2427
EXTERNAL305437,CUST67094114,1,901.5
EXTERNAL307896,CUST36618868,1,1266
EXTERNAL307896,CUST57312630,1,0
EXTERNAL307917,CUST27709927,1,3242
EXTERNAL309376,CUST39791936,1,908
EXTERNAL309376,CUST70011322,1,5801
EXTERNAL309376,CUST76310070,1,7965
EXTERNAL310569,CUST41274277,1,1446
EXTERNAL312836,CUST29599066,1,26
EXTERNAL316757,CUST71088646,1,200
EXTERNAL317650,CUST41274277,1,65770
EXTERNAL317650,CUST49987229,1,44200
EXTERNAL317650,CUST85769551,1,45428.5
EXTERNAL318116,CUST90227869,1,458.5
EXTERNAL318868,CUST54490370,1,1315.5
EXTERNAL318868,CUST70977942,1,2612
EXTERNAL321016,CUST99654164,1,360
EXTERNAL321881,CUST90679251,1,367
EXTERNAL322457,CUST24434573,1,1184
EXTERNAL322457,CUST24889770,1,1130
EXTERNAL322457,CUST40709755,1,23479
EXTERNAL322457,CUST99442802,1,5299
EXTERNAL323896,CUST13103717,1,4570
EXTERNAL323896,CUST13316799,1,3964.5
EXTERNAL324854,CUST47487327,1,829
EXTERNAL324854,CUST98737104,1,1118
EXTERNAL327023,CUST50237501,1,2066
EXTERNAL328038,CUST58130513,1,2190
EXTERNAL329563,CUST99163899,1,70
EXTERNAL332935,CUST24433165,1,4660
EXTERNAL336224,CUST24889770,1,158
EXTERNAL336293,CUST69473096,1,467
EXTERNAL338448,CUST27321465,1,4420
EXTERNAL338448,CUST34456042,1,3390
EXTERNAL338448,CUST71088646,1,120
EXTERNAL339074,CUST28826154,1,7340
EXTERNAL339074,CUST95321097,1,1138
EXTERNAL339766,CUST39813987,1,1972
EXTERNAL339803,CUST29156003,2,13399
EXTERNAL339803,CUST55050625,1,3005.5
EXTERNAL339925,CUST57853649,1,224
EXTERNAL341508,CUST87261752,1,1886.5
EXTERNAL342127,CUST87261752,1,230
EXTERNAL343110,CUST69837875,1,1328.5
EXTERNAL344917,CUST18849986,1,300
EXTERNAL344917,CUST21551722,1,39.5
EXTERNAL344917,CUST23419675,1,340
EXTERNAL344917,CUST31917982,1,1436
EXTERNAL344917,CUST47962924,1,26
EXTERNAL344917,CUST76696612,1,1707
EXTERNAL348414,CUST55005800,1,1181
EXTERNAL348488,CUST24061518,1,456
EXTERNAL349588,CUST34502455,1,332
EXTERNAL351715,CUST70977942,1,1253
EXTERNAL352736,CUST68105048,1,326
EXTERNAL352953,CUST20442883,1,7631
EXTERNAL352953,CUST83256896,1,1070
EXTERNAL354816,CUST92232880,1,1508
EXTERNAL360385,CUST28813703,1,1087
EXTERNAL360418,CUST37510666,1,7950
EXTERNAL360418,CUST49184208,1,11822
EXTERNAL360418,CUST50875210,1,2251
EXTERNAL361983,CUST32845838,1,88
EXTERNAL363074,CUST87768326,1,764.5
EXTERNAL364063,CUST33529344,1,0
EXTERNAL364063,CUST64306147,1,4175.5
EXTERNAL365632,CUST76493457,1,1800
EXTERNAL367072,CUST25290610,1,380
EXTERNAL368612,CUST53185470,1,2800
EXTERNAL368915,CUST76469825,1,1015
EXTERNAL369882,CUST88755324,1,512
EXTERNAL372271,CUST11240383,1,149.5
EXTERNAL373924,CUST89137381,1,2720
EXTERNAL374192,CUST82921884,1,540
EXTERNAL374419,CUST24889770,1,1267
EXTERNAL374419,CUST68147585,1,3512
EXTERNAL374419,CUST76493457,1,1630
EXTERNAL374419,CUST94577407,1,2631
EXTERNAL374419,CUST99281574,1,2029
EXTERNAL375305,CUST56534072,1,1242.5
EXTERNAL376290,CUST93823788,1,7946
EXTERNAL377565,CUST75233380,1,2968
EXTERNAL377769,CUST44909054,1,946
EXTERNAL380097,CUST79138251,1,26
EXTERNAL380660,CUST81654004,1,167.5
EXTERNAL380836,CUST26141961,1,4313
EXTERNAL380836,CUST76493457,1,3220
EXTERNAL382127,CUST26141961,1,2243
EXTERNAL382127,CUST39070172,1,2508
EXTERNAL382265,CUST51794708,1,172
EXTERNAL383594,CUST67094114,1,328
EXTERNAL386570,CUST32840563,1,11750
EXTERNAL386570,CUST54606598,1,1732
EXTERNAL388585,CUST85769551,1,373
EXTERNAL389688,CUST40703038,1,2980
EXTERNAL389688,CUST89427470,1,2848
EXTERNAL389699,CUST72193210,1,4091.5
EXTERNAL390775,CUST25697455,1,2015
EXTERNAL390775,CUST76469825,1,2667
EXTERNAL391538,CUST26141961,1,60
EXTERNAL391969,CUST36183285,1,42
EXTERNAL392495,CUST23377937,1,1340
EXTERNAL392495,CUST53738339,1,3654
EXTERNAL392495,CUST54150461,1,3576.5
EXTERNAL392495,CUST59192573,1,1514
EXTERNAL392495,CUST84233333,1,1222
EXTERNAL392495,CUST91860411,1,1023
EXTERNAL392495,CUST96198203,1,2895
EXTERNAL394094,CUST17492750,1,7120
EXTERNAL394094,CUST24269249,1,1005
EXTERNAL394295,CUST75233380,1,274
EXTERNAL395181,CUST31937466,1,2502
EXTERNAL398014,CUST53185470,1,636
EXTERNAL398726,CUST60295518,1,796.5
EXTERNAL402045,CUST93669479,1,17
EXTERNAL402128,CUST13316799,1,495
EXTERNAL402518,CUST76493457,1,314
EXTERNAL405977,CUST56743898,1,132
EXTERNAL408970,CUST50875210,1,305
EXTERNAL410647,CUST28453984,1,3957.5
EXTERNAL411376,CUST47761322,1,27998
EXTERNAL411376,CUST50119698,1,32770
EXTERNAL411376,CUST73457399,1,2928
EXTERNAL411543,CUST51382188,1,3795.5
EXTERNAL411543,CUST92872028,1,25195
EXTERNAL411604,CUST90679251,1,193
EXTERNAL412382,CUST56743935,1,100.5
EXTERNAL412614,CUST44348689,1,2783.5
EXTERNAL412614,CUST74327086,1,2532
EXTERNAL412614,CUST81139349,1,1542
EXTERNAL414499,CUST49561640,1,18130
EXTERNAL418818,CUST19459381,1,5291.5
EXTERNAL418818,CUST33130087,1,8650
EXTERNAL420490,CUST12121537,1,4934.5
EXTERNAL420490,CUST86587232,1,4746.5
EXTERNAL421885,CUST89202407,1,2575
EXTERNAL422156,CUST67581396,1,1745.5
EXTERNAL422156,CUST87468551,1,1264
EXTERNAL424238,CUST53185470,1,1570
EXTERNAL424293,CUST54938421,1,2266
EXTERNAL424842,CUST32845838,1,2660
EXTERNAL424859,CUST79138251,1,1063
EXTERNAL426148,CUST69081517,1,7245.5
EXTERNAL426263,CUST16122141,1,0
EXTERNAL427551,CUST54353517,1,27
EXTERNAL427616,CUST20406227,1,4476
EXTERNAL428081,CUST62878936,1,13.5
EXTERNAL429686,CUST88436666,1,1053
EXTERNAL430047,CUST84709973,1,144
EXTERNAL430716,CUST89273283,1,29
EXTERNAL432077,CUST77920458,1,579.5
EXTERNAL432692,CUST58130513,1,1928
EXTERNAL432958,CUST86587232,1,140.5
EXTERNAL433275,CUST85302937,1,1830
EXTERNAL433368,CUST54719910,1,71
EXTERNAL435164,CUST92232880,1,861
EXTERNAL435427,CUST49112623,1,1816.5
EXTERNAL436302,CUST29328610,1,1484
EXTERNAL436302,CUST39421342,1,2592
EXTERNAL439731,CUST75213349,1,1100
EXTERNAL440056,CUST90346975,1,2254
EXTERNAL442341,CUST69837875,1,868
EXTERNAL443861,CUST28564744,1,11881
EXTERNAL443861,CUST29156003,1,6628
EXTERNAL443861,CUST39648535,1,3040
EXTERNAL446647,CUST38131074,1,1274
EXTERNAL447656,CUST39813987,1,1190
EXTERNAL447678,CUST39648535,1,456
EXTERNAL447954,CUST89273283,1,1404
EXTERNAL450470,CUST67094114,1,748
EXTERNAL452609,CUST82211624,1,4110
EXTERNAL453014,CUST32419908,1,7275
EXTERNAL453310,CUST39070172,1,6356
EXTERNAL453988,CUST57964113,1,143
EXTERNAL453996,CUST70177998,1,60
EXTERNAL454168,CUST15503361,1,7290
EXTERNAL454168,CUST96855426,1,8671
EXTERNAL455289,CUST99931838,1,132
EXTERNAL457412,CUST47110564,1,5980
EXTERNAL458400,CUST90195396,1,138
EXTERNAL458544,CUST19045186,1,546
EXTERNAL459022,CUST92888820,1,189
EXTERNAL460076,CUST84769011,1,980
EXTERNAL460693,CUST89202407,1,88
EXTERNAL463866,CUST85769551,1,17996
EXTERNAL465987,CUST13022889,1,5530
EXTERNAL465987,CUST61292060,1,7782
EXTERNAL465987,CUST67094114,1,1350
EXTERNAL465987,CUST69307740,1,1336
EXTERNAL465987,CUST98262263,1,5400
EXTERNAL467307,CUST80429850,1,1780.5
EXTERNAL467323,CUST29328610,1,1030
EXTERNAL467617,CUST18080503,1,770.5
EXTERNAL467782,CUST32419908,1,32250
EXTERNAL469611,CUST19913725,1,33826.5
EXTERNAL469611,CUST69312727,1,8616
EXTERNAL471804,CUST51794708,1,512
EXTERNAL473264,CUST11652307,1,1946
EXTERNAL473267,CUST23419675,1,293.5
EXTERNAL474010,CUST20406227,1,2120
EXTERNAL475734,CUST98752890,1,56
EXTERNAL476337,CUST54570501,1,8756
EXTERNAL477098,CUST92232880,1,1514.5
EXTERNAL478039,CUST24255560,1,1232.5
EXTERNAL478350,CUST47761322,1,1310.5
EXTERNAL478768,CUST74327086,1,600
EXTERNAL479533,CUST32674437,1,4484
EXTERNAL479533,CUST53646158,1,3171
EXTERNAL479533,CUST67581396,1,5571
EXTERNAL479533,CUST88086466,1,8540
EXTERNAL482476,CUST27709927,1,22
EXTERNAL482647,CUST28434211,1,11
EXTERNAL482997,CUST98752890,1,79
EXTERNAL483988,CUST28984415,1,1054
EXTERNAL484284,CUST29202657,1,1427
EXTERNAL484284,CUST31917982,1,1715
EXTERNAL484284,CUST32506740,1,1426
EXTERNAL484284,CUST63317735,1,1015
EXTERNAL484284,CUST78349951,1,1661
EXTERNAL487979,CUST25100749,1,171
EXTERNAL488204,CUST71088646,1,133.5
EXTERNAL488265,CUST28453984,1,2766
EXTERNAL490568,CUST14421422,1,2020
EXTERNAL492597,CUST28899102,1,366
EXTERNAL493741,CUST75213349,1,120
EXTERNAL493997,CUST23419675,1,22
EXTERNAL494735,CUST12344389,1,1068.5
EXTERNAL495101,CUST56534072,1,1532.5
EXTERNAL495418,CUST55005800,1,1447.5
EXTERNAL495788,CUST87731042,1,10347.5
EXTERNAL496319,CUST42999591,1,68
EXTERNAL498364,CUST63606829,1,2427.5
EXTERNAL498480,CUST87731042,1,3750
EXTERNAL499248,CUST64222586,1,311
EXTERNAL499436,CUST83877426,1,6491
EXTERNAL499986,CUST11652307,1,3531
EXTERNAL500937,CUST55614695,1,1162
EXTERNAL500937,CUST73457399,1,1348
EXTERNAL500937,CUST80923417,1,1610
EXTERNAL504847,CUST35475939,1,100
EXTERNAL505492,CUST12344389,1,15943
EXTERNAL505492,CUST19789963,1,5889
EXTERNAL505492,CUST21419454,1,10114
EXTERNAL506125,CUST19459381,1,33724.5
EXTERNAL508164,CUST67581396,1,2230.5
EXTERNAL511402,CUST29607910,1,75
EXTERNAL513386,CUST99281574,1,1263
EXTERNAL513953,CUST20442883,1,9474
EXTERNAL513953,CUST55975993,1,40400
EXTERNAL513953,CUST90346975,1,49374
EXTERNAL514298,CUST44777016,1,2536
EXTERNAL516347,CUST14902917,1,712
EXTERNAL517953,CUST70177998,1,1893
EXTERNAL517953,CUST86422958,1,2302
EXTERNAL518568,CUST29350651,1,3274
EXTERNAL518568,CUST97817363,1,2858
EXTERNAL520099,CUST31917982,1,1111
EXTERNAL520252,CUST18080503,1,65
EXTERNAL520300,CUST41203625,1,1055
EXTERNAL520300,CUST60458062,1,416
EXTERNAL520300,CUST64158208,1,1038
EXTERNAL521939,CUST68297791,1,460
EXTERNAL522547,CUST68254699,1,619
EXTERNAL522985,CUST29607910,1,2664
EXTERNAL522985,CUST75429953,1,350
EXTERNAL525037,CUST55050625,1,5079
EXTERNAL525598,CUST67775829,1,3863.5
EXTERNAL527170,CUST32709456,1,5416
EXTERNAL527170,CUST32845838,1,2078
EXTERNAL527170,CUST81595253,1,3663.5
EXTERNAL527948,CUST38998449,1,25112
EXTERNAL527948,CUST85769551,1,8042
EXTERNAL529138,CUST38094022,1,210
EXTERNAL530538,CUST78803542,1,926
EXTERNAL530950,CUST35358831,1,999
EXTERNAL531873,CUST24889770,1,1340
EXTERNAL531873,CUST39070172,1,24383.5
EXTERNAL531873,CUST45674350,1,1921
EXTERNAL531873,CUST98262263,1,33009.5
EXTERNAL531933,CUST18851796,1,3776
EXTERNAL531933,CUST38094022,1,4685
EXTERNAL531933,CUST49389828,1,3614
EXTERNAL531933,CUST63295449,1,48
EXTERNAL531933,CUST92468556,1,955
EXTERNAL533300,CUST13022889,1,7460
EXTERNAL533580,CUST75233380,1,382
EXTERNAL534203,CUST72193210,1,8750
EXTERNAL535585,CUST33059790,1,1160
EXTERNAL535747,CUST51794708,1,3393.5
EXTERNAL536647,CUST93669479,1,2294
EXTERNAL536879,CUST55005800,1,82
EXTERNAL538288,CUST11563228,1,514
EXTERNAL540226,CUST62850658,1,553.5
EXTERNAL540921,CUST57288936,1,104.5
EXTERNAL541680,CUST85135983,1,3228.5
EXTERNAL543080,CUST12121537,1,10140
EXTERNAL544846,CUST47469087,1,200
EXTERNAL544940,CUST20442883,1,86.5
EXTERNAL545626,CUST91284409,1,46.5
EXTERNAL547317,CUST68297791,1,10
EXTERNAL547694,CUST55614695,1,1
EXTERNAL548114,CUST25290610,1,68
EXTERNAL548231,CUST32007618,1,107
EXTERNAL549137,CUST88436666,1,12860
EXTERNAL549508,CUST24255560,1,2038
EXTERNAL549750,CUST99066839,1,310
EXTERNAL550452,CUST50338284,1,2161.5
EXTERNAL551181,CUST85302937,1,945
EXTERNAL551668,CUST84233333,1,1137
EXTERNAL551694,CUST69081517,1,976
EXTERNAL554182,CUST89244379,1,6772
EXTERNAL554698,CUST26141961,1,922
EXTERNAL555055,CUST24255560,1,5422
EXTERNAL555055,CUST24889770,1,1070
EXTERNAL555055,CUST58130513,1,1790
EXTERNAL555055,CUST85302937,1,7064
EXTERNAL555218,CUST81654004,1,380
EXTERNAL556899,CUST47469087,1,24
EXTERNAL557844,CUST39791936,1,858
EXTERNAL558186,CUST12344389,1,320
EXTERNAL559103,CUST19791581,1,324
EXTERNAL559103,CUST78382574,1,241
EXTERNAL560888,CUST67094114,1,607.5
EXTERNAL561422,CUST79138251,1,1078.5
EXTERNAL564615,CUST55005800,1,20
EXTERNAL566003,CUST79138251,1,3944.5
EXTERNAL567589,CUST63505111,1,81.5
EXTERNAL571358,CUST25290610,1,1330
EXTERNAL571370,CUST95207491,1,9
EXTERNAL572559,CUST40703038,1,115.5
EXTERNAL572925,CUST25290610,1,1024
EXTERNAL573040,CUST38730398,1,24
EXTERNAL574086,CUST77188529,1,1185.5
EXTERNAL574193,CUST87731042,1,5214
EXTERNAL575126,CUST89202407,1,206
EXTERNAL575430,CUST90480699,1,338
EXTERNAL576100,CUST55074600,1,2067.5
EXTERNAL576699,CUST60295518,1,6042
EXTERNAL577290,CUST90480699,1,2382
EXTERNAL577314,CUST38966266,1,14375
EXTERNAL578647,CUST73457399,1,200
EXTERNAL578726,CUST79138251,1,5370
EXTERNAL579023,CUST15182071,1,1550
EXTERNAL579023,CUST56743935,1,17070
EXTERNAL579023,CUST90480699,1,1835
EXTERNAL579023,CUST90585792,1,2046
EXTERNAL579089,CUST99931838,1,586.5
EXTERNAL579575,CUST89141759,1,670
EXTERNAL580394,CUST73800248,1,40
EXTERNAL580487,CUST56534072,1,1942
EXTERNAL583622,CUST97404838,1,17312.5
EXTERNAL583689,CUST22695181,1,997
EXTERNAL583689,CUST49390902,1,1114
EXTERNAL584918,CUST76469825,1,1815.5
EXTERNAL587062,CUST47437733,1,500
EXTERNAL588946,CUST85769551,1,43970
EXTERNAL588950,CUST35358831,1,1381.5
EXTERNAL590199,CUST90227869,1,1130
EXTERNAL590382,CUST55005800,1,112
EXTERNAL591559,CUST22263272,1,2435
EXTERNAL591559,CUST31937466,1,1310
EXTERNAL591559,CUST39031920,1,2865
EXTERNAL591579,CUST30763744,1,1277
EXTERNAL593261,CUST93823788,1,16821
EXTERNAL594010,CUST12586309,1,250.5
EXTERNAL594010,CUST19410357,1,3751
EXTERNAL594010,CUST75161099,1,5562
EXTERNAL594809,CUST43421234,1,6577
EXTERNAL594983,CUST37497310,1,6834
EXTERNAL595467,CUST77920458,1,310
EXTERNAL596720,CUST12586309,1,638
EXTERNAL597544,CUST89938830,1,2075
EXTERNAL599409,CUST42806651,1,166.5
EXTERNAL600002,CUST29725513,1,573
EXTERNAL601277,CUST25216525,1,15988
EXTERNAL601417,CUST18080503,1,269
EXTERNAL604631,CUST50810697,1,68
EXTERNAL604646,CUST87635633,1,2024
EXTERNAL605027,CUST28813703,1,1700
EXTERNAL606192,CUST40709755,1,1755
EXTERNAL606248,CUST18385502,1,20
EXTERNAL607191,CUST80669678,1,5876
EXTERNAL607963,CUST99281574,1,2750
EXTERNAL609128,CUST14421422,1,2650
EXTERNAL609979,CUST69473096,1,53
EXTERNAL611016,CUST24564765,1,1040
EXTERNAL611016,CUST26958534,1,40085
EXTERNAL611016,CUST70236467,1,40068
EXTERNAL611016,CUST85769551,1,2587
EXTERNAL612122,CUST56534072,1,1427
EXTERNAL613411,CUST28453984,1,1700.5
EXTERNAL613620,CUST54353517,1,20
EXTERNAL614002,CUST33707167,1,99.5
EXTERNAL615539,CUST54353517,1,703.5
EXTERNAL615674,CUST13022889,1,4950
EXTERNAL615881,CUST54490370,1,1181.5
EXTERNAL616001,CUST84195234,1,37050
EXTERNAL618651,CUST68254699,1,1320
EXTERNAL619265,CUST62878936,1,260
EXTERNAL619692,CUST48478896,1,17646.5
EXTERNAL619891,CUST62850658,1,1551.5
EXTERNAL619891,CUST69400064,1,8475
EXTERNAL619891,CUST95907379,1,1376
EXTERNAL620595,CUST29599066,1,94
EXTERNAL621126,CUST30749905,1,120
EXTERNAL621927,CUST32419908,1,2219.5
EXTERNAL622718,CUST47035199,1,1257.5
EXTERNAL624650,CUST33059790,1,6663
EXTERNAL625340,CUST26958534,1,866
EXTERNAL625536,CUST16122141,1,325
EXTERNAL625840,CUST38966266,1,991
EXTERNAL626161,CUST46810491,1,1256
EXTERNAL626161,CUST64623065,1,53472
EXTERNAL626633,CUST77258732,1,982
EXTERNAL629112,CUST32845838,1,85
EXTERNAL629657,CUST47761322,1,445
EXTERNAL630595,CUST43421234,1,3262
EXTERNAL632783,CUST48227096,1,124
EXTERNAL633768,CUST15508461,1,2487.5
EXTERNAL633768,CUST30824888,1,5726
EXTERNAL633768,CUST31937466,1,1660
EXTERNAL633967,CUST55464304,1,1374
EXTERNAL634000,CUST55074600,1,6043
EXTERNAL635759,CUST54606598,1,654.5
EXTERNAL636908,CUST38998449,1,25
EXTERNAL637163,CUST24255560,1,2445
EXTERNAL637163,CUST76493457,1,1996.5
EXTERNAL637210,CUST86587232,1,430.5
EXTERNAL640862,CUST18385502,1,8620.5
EXTERNAL640862,CUST35589230,1,13510
EXTERNAL640862,CUST52749929,1,886
EXTERNAL642214,CUST47110564,1,50
EXTERNAL642293,CUST30914972,1,180
EXTERNAL643413,CUST25210192,1,1094.5
EXTERNAL643413,CUST38043470,1,845
EXTERNAL643413,CUST44909054,1,1556
EXTERNAL643413,CUST60941829,1,50
EXTERNAL643802,CUST76696612,1,1010
EXTERNAL646067,CUST30914972,1,1000
EXTERNAL646067,CUST91480334,1,1310
EXTERNAL646067,CUST98089903,1,1091
EXTERNAL646721,CUST77650473,1,216
EXTERNAL647922,CUST13567965,1,2885.5
EXTERNAL648468,CUST80429850,1,40
EXTERNAL648765,CUST89244379,1,2170.5
EXTERNAL649583,CUST20720661,1,963
EXTERNAL650015,CUST25100749,1,5288
EXTERNAL650015,CUST85769551,1,5328
EXTERNAL650442,CUST43422083,1,854.5
EXTERNAL650913,CUST57853649,1,2065
EXTERNAL654112,CUST43421234,1,2164.5
EXTERNAL654182,CUST96868430,1,4970
EXTERNAL655699,CUST56743898,1,1102
EXTERNAL657248,CUST68105048,1,319
EXTERNAL657442,CUST21436537,1,1264
EXTERNAL658636,CUST29328610,1,8150
EXTERNAL659465,CUST84709973,1,7006
EXTERNAL660605,CUST21805617,1,273.5
EXTERNAL666578,CUST44909054,1,4445
EXTERNAL666578,CUST80969567,1,4284
EXTERNAL666768,CUST76399763,1,41532
EXTERNAL666768,CUST89523953,1,6481
EXTERNAL668702,CUST24255560,1,4888
EXTERNAL668967,CUST49112623,1,3
EXTERNAL669866,CUST25476094,1,56
EXTERNAL670413,CUST44777016,1,1384
EXTERNAL670413,CUST96205645,1,1239
EXTERNAL674250,CUST82921884,1,1657.5
EXTERNAL674952,CUST17997346,1,334
EXTERNAL675782,CUST25216525,1,6659
EXTERNAL676549,CUST60583010,1,8050
EXTERNAL676549,CUST90195396,1,8160
EXTERNAL678694,CUST77258732,1,1505
EXTERNAL680156,CUST60295518,1,1398
EXTERNAL680156,CUST63299998,1,360
EXTERNAL681046,CUST17978619,1,5850
EXTERNAL681046,CUST56008279,1,4552
EXTERNAL681046,CUST67087596,1,4021
EXTERNAL681046,CUST98943177,1,1925.5
EXTERNAL681046,CUST99066839,1,240
EXTERNAL681046,CUST99212221,1,1622.5
EXTERNAL681570,CUST84709973,1,1382.5
EXTERNAL685901,CUST81232964,1,31.5
EXTERNAL687221,CUST93300931,1,3890
EXTERNAL687515,CUST72193210,1,137.5
EXTERNAL687978,CUST15503361,1,1246
EXTERNAL687978,CUST28813703,1,1843
EXTERNAL687978,CUST34756871,1,1050
EXTERNAL687978,CUST43422083,1,1610
EXTERNAL688733,CUST92872028,1,630
EXTERNAL689816,CUST34756871,1,1132.5
EXTERNAL690101,CUST80669678,1,1005
EXTERNAL690737,CUST18851796,1,274.5
EXTERNAL691267,CUST18010577,1,1053
EXTERNAL691525,CUST50875210,1,607.5
EXTERNAL693646,CUST72986894,1,178
EXTERNAL694260,CUST68254699,1,39460
EXTERNAL694965,CUST21436537,1,150
EXTERNAL695268,CUST13316799,1,2700
EXTERNAL696577,CUST82921884,1,124
EXTERNAL696863,CUST24061518,1,518
EXTERNAL696863,CUST68973842,1,1079
EXTERNAL698122,CUST14341608,1,1182
EXTERNAL698122,CUST58116627,1,824
EXTERNAL698122,CUST82542260,1,1966
EXTERNAL698122,CUST89185780,1,2790
EXTERNAL698127,CUST56065075,1,875.5
EXTERNAL700888,CUST40709755,1,114
EXTERNAL702704,CUST67094114,1,621
EXTERNAL703403,CUST12724050,1,544
EXTERNAL703427,CUST34251561,1,12095
EXTERNAL703427,CUST54938421,1,8013
EXTERNAL703572,CUST32419908,1,198
EXTERNAL704750,CUST62850658,1,1855
EXTERNAL707881,CUST58615952,1,3388
EXTERNAL707881,CUST64623065,1,300
EXTERNAL707977,CUST16122141,1,724
EXTERNAL707977,CUST66492024,1,1490
EXTERNAL710815,CUST83124299,1,55
EXTERNAL715687,CUST55005800,1,4689
EXTERNAL717356,CUST68297791,1,3216.5
EXTERNAL718738,CUST32838242,1,200
EXTERNAL720737,CUST94577407,1,1063.5
EXTERNAL722949,CUST83124299,1,7060
EXTERNAL725844,CUST28813703,1,45
EXTERNAL726081,CUST32417932,1,32
EXTERNAL728138,CUST41720349,1,1104
EXTERNAL728138,CUST57288936,1,851
EXTERNAL729112,CUST35740537,1,1990
EXTERNAL730084,CUST76493457,1,8
EXTERNAL731168,CUST87261752,1,49
EXTERNAL732479,CUST44217254,1,2617.5
EXTERNAL734218,CUST70977942,1,7410
EXTERNAL734228,CUST31652369,1,44
EXTERNAL734524,CUST68147585,1,20
EXTERNAL734994,CUST90679251,1,2270
EXTERNAL734994,CUST94064818,1,1092
EXTERNAL736916,CUST83256896,1,3033.5
EXTERNAL736924,CUST54353517,1,29235
EXTERNAL736924,CUST56065075,1,608
EXTERNAL738418,CUST77258732,1,1680
EXTERNAL739130,CUST11240383,1,312
EXTERNAL739319,CUST32228174,1,1162.5
EXTERNAL739319,CUST42326376,1,1202.5
EXTERNAL739373,CUST66327417,1,3105
EXTERNAL739373,CUST69797278,1,38260
EXTERNAL739373,CUST73800248,1,5086.5
EXTERNAL739373,CUST98262263,1,33556
EXTERNAL739427,CUST18080503,1,7187
EXTERNAL742429,CUST27532269,1,10
EXTERNAL743339,CUST50237501,1,1760
EXTERNAL743649,CUST18080503,1,1442.5
EXTERNAL744057,CUST68254699,1,35
EXTERNAL746235,CUST99654164,1,341
EXTERNAL747736,CUST47487327,1,28.5
EXTERNAL748173,CUST90346975,1,1386
EXTERNAL748337,CUST81232964,1,2729
EXTERNAL748517,CUST58141643,1,20
EXTERNAL748686,CUST50237501,1,65.5
EXTERNAL750947,CUST66737330,1,2443
EXTERNAL750947,CUST84233333,1,2024
EXTERNAL751268,CUST74056063,1,184
EXTERNAL751358,CUST68254699,1,1226
EXTERNAL755011,CUST38043470,1,2542
EXTERNAL755386,CUST25290610,1,7131
EXTERNAL756713,CUST45674350,1,3255
EXTERNAL756713,CUST90480699,1,1473.5
EXTERNAL758532,CUST28074411,1,3377
EXTERNAL758532,CUST33480192,1,4155
EXTERNAL758532,CUST45674350,2,5037
EXTERNAL758532,CUST54938421,1,4136
EXTERNAL758777,CUST60941829,1,52
EXTERNAL759208,CUST29607910,1,582
EXTERNAL760755,CUST77188529,1,130
EXTERNAL761564,CUST87731042,1,1508
EXTERNAL761684,CUST48478896,1,710
EXTERNAL762980,CUST81654004,1,1317
EXTERNAL766358,CUST13022889,1,17554
EXTERNAL766373,CUST68254699,1,1094
EXTERNAL766759,CUST88436666,1,515
EXTERNAL770933,CUST31917982,1,4125
EXTERNAL770933,CUST37886645,1,2890.5
EXTERNAL770933,CUST76562075,1,2131
EXTERNAL774396,CUST96868430,1,123.5
EXTERNAL775733,CUST89938830,1,76
EXTERNAL775754,CUST76493457,1,112
EXTERNAL776213,CUST18277944,1,1860.5
EXTERNAL776213,CUST83877426,1,2320
EXTERNAL776519,CUST18010577,1,1947
EXTERNAL777805,CUST29725513,1,1408
EXTERNAL779298,CUST18080503,1,1524
EXTERNAL779298,CUST34251561,1,17072
EXTERNAL780296,CUST99281574,1,13370
EXTERNAL781991,CUST68297791,1,1302
EXTERNAL782406,CUST79971636,1,28
EXTERNAL784121,CUST56534072,1,1450
EXTERNAL784848,CUST12694182,1,4307.5
EXTERNAL784848,CUST19459381,1,4804.5
EXTERNAL784848,CUST37497310,1,7890
EXTERNAL785181,CUST24623825,1,1802.5
EXTERNAL785181,CUST38173274,1,1014
EXTERNAL785181,CUST76210554,1,1423
EXTERNAL787079,CUST69473096,1,1304.5
EXTERNAL788231,CUST40703038,1,1108
EXTERNAL788671,CUST34502455,1,70
EXTERNAL789499,CUST56743898,1,320
EXTERNAL790411,CUST69081517,1,1392
EXTERNAL790530,CUST22575999,1,694
EXTERNAL790916,CUST79801194,1,19842
EXTERNAL794590,CUST32419908,1,31
EXTERNAL795226,CUST37949989,1,3841
EXTERNAL795226,CUST85449656,1,1442
EXTERNAL795226,CUST90195396,1,3330.5
EXTERNAL797129,CUST35090415,1,2339.5
EXTERNAL797129,CUST49442340,1,1297
EXTERNAL797415,CUST56534072,1,1825
EXTERNAL797772,CUST76493457,1,45616
EXTERNAL801056,CUST77258732,1,1660
EXTERNAL801060,CUST44348689,1,264
EXTERNAL801195,CUST67581396,1,133.5
EXTERNAL801403,CUST83256896,1,108
EXTERNAL801485,CUST39216311,1,1119
EXTERNAL802301,CUST53185470,1,1206.5
EXTERNAL803275,CUST48804147,1,2400
EXTERNAL804112,CUST48227096,1,294
EXTERNAL805168,CUST87635633,1,1760
EXTERNAL806507,CUST31299272,1,6728
EXTERNAL806507,CUST32419908,1,6616
EXTERNAL806507,CUST55537469,1,10900
EXTERNAL806507,CUST84709973,1,10440
EXTERNAL806783,CUST22954234,1,1008
EXTERNAL806783,CUST42143950,1,27460
EXTERNAL806783,CUST53118934,1,513
EXTERNAL809577,CUST24539383,1,48750
EXTERNAL809685,CUST56743898,1,4971.5
EXTERNAL812830,CUST85135983,1,14
EXTERNAL814109,CUST45577461,1,5744
EXTERNAL814615,CUST56743935,1,1014
EXTERNAL815208,CUST63606829,1,900
EXTERNAL815508,CUST91848246,1,1925
EXTERNAL816141,CUST81654004,1,136.5
EXTERNAL817034,CUST46447625,1,2476
EXTERNAL817034,CUST77188529,1,1825
EXTERNAL817034,CUST78293033,1,2370
EXTERNAL818174,CUST40709755,1,5563.5
EXTERNAL821563,CUST61642644,1,1043
EXTERNAL821563,CUST68916012,1,1587.5
EXTERNAL821563,CUST78554577,1,2318
EXTERNAL821888,CUST44777016,1,176
EXTERNAL822650,CUST24539383,1,955
EXTERNAL824239,CUST55464304,1,1176
EXTERNAL825498,CUST47110564,1,463.5
EXTERNAL825498,CUST92232880,1,329
EXTERNAL827137,CUST45577461,1,2039
EXTERNAL828698,CUST18010577,1,1599
EXTERNAL829197,CUST47469087,1,868
EXTERNAL832522,CUST49389828,1,4102
EXTERNAL833117,CUST94577407,1,3200
EXTERNAL835024,CUST88436666,1,4891
EXTERNAL837316,CUST29607910,1,47.5
EXTERNAL837558,CUST42326376,1,385.5
EXTERNAL838876,CUST33059790,1,120
EXTERNAL839588,CUST54606598,1,1618
EXTERNAL839588,CUST97271711,1,1500
EXTERNAL840287,CUST72193210,1,1200
EXTERNAL840984,CUST93669479,1,2270
EXTERNAL842003,CUST28984415,1,2428
EXTERNAL842187,CUST83124299,1,1153
EXTERNAL842410,CUST26381945,1,18266.5
EXTERNAL842410,CUST49442340,1,9088
EXTERNAL842410,CUST56920984,1,13802
EXTERNAL842893,CUST47469087,1,581
EXTERNAL843673,CUST99931838,1,40
EXTERNAL844011,CUST32838242,1,748
EXTERNAL844011,CUST55464304,1,2018
EXTERNAL844011,CUST76191589,1,1746.5
EXTERNAL844011,CUST87261752,1,1604
EXTERNAL844250,CUST47487327,1,1653
EXTERNAL844516,CUST54490370,1,1222
EXTERNAL844951,CUST10574178,1,1315
EXTERNAL844951,CUST42326376,1,1394
EXTERNAL844951,CUST61996816,1,1478
EXTERNAL845901,CUST94577407,1,19
EXTERNAL847072,CUST87731042,1,5365
EXTERNAL848562,CUST32419908,1,6138
EXTERNAL848562,CUST39732579,1,13732
EXTERNAL848562,CUST76416406,1,1289
EXTERNAL848562,CUST87899025,1,12551
EXTERNAL851485,CUST25290610,1,58654.5
EXTERNAL851672,CUST40531218,1,2803
EXTERNAL852890,CUST89273283,1,25
EXTERNAL853169,CUST32838242,1,162.5
EXTERNAL853413,CUST20406227,1,6894
EXTERNAL854364,CUST32838242,1,740
EXTERNAL854364,CUST39791936,1,1169
EXTERNAL854907,CUST28453984,1,1220
EXTERNAL856363,CUST24255560,1,2890
EXTERNAL857751,CUST93300931,1,125.5
EXTERNAL857951,CUST82211624,1,4194
EXTERNAL858732,CUST20720661,1,7958
EXTERNAL858732,CUST29350651,1,2403
EXTERNAL863921,CUST94918950,1,234
EXTERNAL865152,CUST34502455,1,2384
EXTERNAL865152,CUST49112623,1,1580
EXTERNAL865152,CUST54570501,1,3803
EXTERNAL865152,CUST69837875,1,1140.5
EXTERNAL867093,CUST13804336,1,43327
EXTERNAL867093,CUST31087761,1,29570
EXTERNAL867093,CUST50648904,1,1193
EXTERNAL867773,CUST84233333,1,1452
EXTERNAL868654,CUST12694182,1,240
EXTERNAL868738,CUST68147585,1,3320
EXTERNAL869262,CUST36183285,1,1740.5
EXTERNAL869354,CUST41524901,1,2611.5
EXTERNAL869354,CUST47487327,1,2787.5
EXTERNAL869354,CUST56645226,1,4195.5
EXTERNAL869354,CUST60120747,1,3001
EXTERNAL869354,CUST66693421,1,1154.5
EXTERNAL869354,CUST85392858,1,1163
EXTERNAL871723,CUST11240383,1,9980
EXTERNAL871723,CUST19045186,1,8141.5
EXTERNAL872372,CUST82921884,1,1386
EXTERNAL872522,CUST50875210,1,340
EXTERNAL872871,CUST48804147,1,8280
EXTERNAL872918,CUST50237501,1,1295
EXTERNAL873090,CUST68297791,1,15
EXTERNAL875382,CUST31937466,1,1550
EXTERNAL875382,CUST95048676,1,1570
EXTERNAL876998,CUST30794018,1,4026
EXTERNAL877022,CUST87713208,1,227.5
EXTERNAL878271,CUST38131074,1,899.5
EXTERNAL878271,CUST87713208,1,1590
EXTERNAL881265,CUST66327417,1,100
EXTERNAL882287,CUST56743935,1,1650
EXTERNAL883956,CUST89273283,1,1960
EXTERNAL883999,CUST84769011,1,1426
EXTERNAL886198,CUST47035199,1,200
EXTERNAL886577,CUST93823788,1,1674.5
EXTERNAL886838,CUST39648535,1,2801
EXTERNAL887068,CUST19791581,1,2040
EXTERNAL887989,CUST69685331,1,902
EXTERNAL888380,CUST74327086,1,1940
EXTERNAL889634,CUST18080503,1,1654
EXTERNAL890042,CUST38094022,1,377.5
EXTERNAL891360,CUST44217254,1,15262
EXTERNAL892166,CUST68555173,1,145.5
EXTERNAL892205,CUST45674350,1,4208
EXTERNAL892205,CUST64546436,1,2034.5
EXTERNAL892229,CUST83877426,1,937.5
EXTERNAL892755,CUST22575999,1,2654
EXTERNAL893097,CUST83877426,1,263
EXTERNAL894495,CUST39070172,1,22697
EXTERNAL894495,CUST59407582,1,6465
EXTERNAL894495,CUST82985124,1,16767.5
EXTERNAL894495,CUST96985354,1,1260
EXTERNAL895263,CUST80923417,1,1134
EXTERNAL897065,CUST88436666,1,188
EXTERNAL897491,CUST44348689,1,121.5
EXTERNAL897509,CUST18277944,1,781
EXTERNAL899180,CUST31652369,1,500
EXTERNAL900386,CUST85302937,1,2879.5
EXTERNAL900835,CUST22498420,1,35
EXTERNAL901638,CUST54719910,1,10
EXTERNAL902078,CUST38094022,1,195
EXTERNAL902871,CUST92232880,1,15904
EXTERNAL903209,CUST83877426,1,788
EXTERNAL903620,CUST54606598,1,13
EXTERNAL904739,CUST93669479,1,479.5
EXTERNAL905380,CUST96868430,1,7259
EXTERNAL906161,CUST89141759,1,319
EXTERNAL907053,CUST90227869,1,3496
EXTERNAL907939,CUST19045186,1,1167
EXTERNAL907939,CUST32417932,1,2000
EXTERNAL907939,CUST41632480,1,7841
EXTERNAL909837,CUST28826154,1,112.5
EXTERNAL910125,CUST47487327,1,1797.5
EXTERNAL910213,CUST81265791,1,58.5
EXTERNAL911900,CUST99442802,1,121.5
EXTERNAL915673,CUST47469087,1,260
EXTERNAL916174,CUST69473096,1,503
EXTERNAL916453,CUST22498420,1,840
EXTERNAL916453,CUST87635633,1,1036
EXTERNAL917332,CUST12344389,1,3750
EXTERNAL917332,CUST21355677,1,4150
EXTERNAL917332,CUST40728738,1,3918
EXTERNAL917332,CUST62919547,1,3484
EXTERNAL917332,CUST67775829,1,3664
EXTERNAL919103,CUST96855426,1,42.5
EXTERNAL923192,CUST89273283,1,18
EXTERNAL923429,CUST87635633,1,246
EXTERNAL927771,CUST95472175,1,322.5
EXTERNAL929735,CUST62850658,1,309
EXTERNAL930655,CUST68147585,1,908
EXTERNAL931139,CUST29609979,2,7702
EXTERNAL931139,CUST76890350,1,4745
EXTERNAL931139,CUST90195396,1,5400
EXTERNAL931436,CUST99163899,1,1684
EXTERNAL931624,CUST29350651,1,97
EXTERNAL933765,CUST78554577,1,30
EXTERNAL934686,CUST85769551,1,129.5
EXTERNAL935466,CUST73457399,1,6195
EXTERNAL935466,CUST91848246,1,6710
EXTERNAL935674,CUST99931838,1,2
EXTERNAL936078,CUST97817363,1,2903
EXTERNAL936233,CUST31366173,1,370
EXTERNAL937238,CUST60458062,1,120.5
EXTERNAL937953,CUST40676834,1,325
EXTERNAL940324,CUST47110564,1,3658
EXTERNAL940827,CUST69081517,1,4918
EXTERNAL940827,CUST73457399,1,3427
EXTERNAL940827,CUST88436666,1,4337
EXTERNAL940827,CUST93669479,1,28711.5
EXTERNAL941183,CUST24889770,1,1679
EXTERNAL941183,CUST33118710,1,1328
EXTERNAL942957,CUST89202407,1,442
EXTERNAL944197,CUST76696612,1,100
EXTERNAL944309,CUST60941829,1,38
EXTERNAL944412,CUST13316799,1,350
EXTERNAL944720,CUST29725513,1,25
EXTERNAL944721,CUST16122141,1,526.5
EXTERNAL944721,CUST58141643,1,4915
EXTERNAL944721,CUST70177998,1,1018
EXTERNAL944721,CUST89244379,1,4798
EXTERNAL944721,CUST96868430,1,5589.5
EXTERNAL945084,CUST18432152,1,114
EXTERNAL946719,CUST90480699,1,2490
EXTERNAL950276,CUST47487327,1,2252
EXTERNAL951580,CUST33707167,1,13.5
EXTERNAL952278,CUST92733696,1,7528
EXTERNAL957554,CUST23591126,1,1825
EXTERNAL957554,CUST49547303,1,1922
EXTERNAL957554,CUST53069370,1,2189
EXTERNAL957554,CUST63600536,1,2056
EXTERNAL960330,CUST25216525,1,1120
EXTERNAL963346,CUST12428536,1,15715
EXTERNAL963346,CUST67581396,1,15050
EXTERNAL965952,CUST25100749,1,178
EXTERNAL966806,CUST60458062,1,14261
EXTERNAL966806,CUST92872667,1,724
EXTERNAL967475,CUST54938421,1,1790
EXTERNAL968651,CUST31385597,1,1176
EXTERNAL968651,CUST51901341,1,1240
EXTERNAL968651,CUST68555173,1,211
EXTERNAL968651,CUST74958813,1,1353
EXTERNAL968651,CUST93890401,1,1855
EXTERNAL970572,CUST54570501,1,11584
EXTERNAL970572,CUST72605616,1,32390.5
EXTERNAL971829,CUST38966266,1,888
EXTERNAL972185,CUST69837875,1,148
EXTERNAL973619,CUST38043470,1,103
EXTERNAL973892,CUST35358831,1,9
EXTERNAL975162,CUST60941829,1,40
EXTERNAL975330,CUST51794708,1,2255
EXTERNAL975579,CUST71088646,1,110
EXTERNAL976965,CUST73199995,1,12883
EXTERNAL977844,CUST11652307,1,1418
EXTERNAL977878,CUST29978579,1,23.5
EXTERNAL978227,CUST92468556,1,102.5
EXTERNAL982420,CUST72239801,1,232.5
EXTERNAL984831,CUST19459381,1,454
EXTERNAL985690,CUST10521548,1,5149
EXTERNAL985690,CUST57212625,1,4270
EXTERNAL985690,CUST75072593,1,1866
EXTERNAL986148,CUST73707963,1,869.5
EXTERNAL986490,CUST26958534,1,920
EXTERNAL987945,CUST27709927,1,9271.5
EXTERNAL988892,CUST69837875,1,1410
EXTERNAL989823,CUST73810538,1,300
EXTERNAL991384,CUST56743935,1,7345
EXTERNAL992645,CUST31917982,1,6697.5
EXTERNAL993035,CUST97404838,1,1860
EXTERNAL994492,CUST13804336,1,193.5
EXTERNAL994492,CUST32845838,1,171
EXTERNAL994492,CUST37349005,1,150
EXTERNAL994492,CUST94324631,1,178.5
EXTERNAL996521,CUST22575999,1,54.5
EXTERNAL996542,CUST60056259,1,821
EXTERNAL998186,CUST13567965,1,292